<configs>
<!--Start HUD Plus -->
<!--CRAFTING IMPROVEMENT
	Feature: 	Crafting and burning times adjusted for easier viewing.
	
		Why: 	I like readability and sometimes find it hard to differentiate the crafting time and whats behind it.
	
	Default: 	Burn time is  a bright red that for some, is difficult to read.
				Craft time in crafting queue is white with minimal differentiation of what is behind it.
	
	Delete?: 	Safe to remove this section on existing games.
				To remove, delete the sections under windows and controls.
				
	XML's: 		windows, contols
	
	Code:		(windows.xml) Added a line of code of the burning time to adjust the color.
				(controls.xml) Removed original crafting timer set-up.
				(controls.xml) Appended a new timer setting that changes the color and adds a background.
-->
	
	<!--Removed original crafting timer set-up.-->
		<remove xpath="/controls/recipe_stack/rect/label[@name='timer']"/>
		
	<!--Appended a new timer setting that changes the color and adds a background.-->
		<append xpath="/controls/recipe_stack/rect">
			<label depth="4" name="timer" pos="36,-40" width="70" height="22" font_size="20" justify="center" pivot="center" color="252, 140, 3"><!--Thank you Morph3usx for color suggestion.-->
				<sprite depth="-1" name="timerBackground" pos="-37,12" width="73" height="22" color="0,0,0,255" type="sliced"/>
			</label>
		</append>
<!-- End HUD Plus -->
	<append xpath="/controls">
		<!-- Make cells not look like crap and item icons fit properly -->
		<kh12_craft_queue_stack>
			<rect controller="RecipeStack" width="57" height="57" collider_scale="1.1">
				<sprite depth="2" name="backgroundMain" sprite="menu_empty3px" pos="-3,3" width="63" height="63" color="[black]" type="sliced" fillcenter="false"/>	
				<sprite name="background" color="[mediumGrey]" type="sliced" style="press" on_hover="true"/>
				<sprite depth="1" name="itemIcon" width="53" height="53" atlas="ItemIconAtlas" sprite="" pos="0,-5" pivot="topleft" foregroundlayer="true"/>
				<sprite depth="4" name="lockIcon" width="16" height="16" sprite="ui_game_symbol_hammer" pos="2,-2" visible="false" foregroundlayer="true"/>
				<label depth="4" name="count" pos="4,-42" width="53" height="16" text="Test" font_size="16" justify="right" effect="outline" />
				<label depth="4" name="timer" pos="34,-38" width="55" height="16" font_size="16" justify="center" pivot="center" color="[beige]"/>
				<sprite depth="2" name="overlay" width="55" height="55" color="32,32,32,128" type="sliced"/>
				<sprite depth="3" name="cancel" sprite="ui_game_symbol_x" width="55" height="55" color="255,0,0,0" type="sliced" visible="false" foregroundlayer="true"/>
			</rect>
		</kh12_craft_queue_stack>
	</append>
	
	
</configs>