<configs>

<!-- start HUD Plus -->
	<remove xpath="//window[@name='windowEntering']"/>
	<remove xpath="/xui/ruleset/window_group[@name='toolbelt']/window[@name='windowLocation']"/>
	
	<append xpath="/xui/ruleset/window_group[@name='compass']">
		<window name="windowLocation"/>
	</append>
<!--End HUD Plus -->
	<!-- Change old forge input window to the new one -->
	<set xpath="/xui/ruleset/window_group[@name='workstation_forge']/window[@name='windowForgeInput']/@name">windowThreeForgeInput</set>
	<set xpath="/xui/ruleset/window_group[@name='workstation_forge']/window[@name='windowOutput']/@name">windowThreeForgeOutput</set>
<!-- SJ: Add crafting windows for the ovens -->

	<append xpath="/xui/ruleset">
		<window_group name="workstation_cntWallOvenWorking" controller="XUiC_WorkstationWindowGroup" open_backpack_on_open="true" close_compass_on_open="true">
			<window name="windowCraftingList"/>
			<window name="craftingInfoPanel"/>
			<window name="windowCraftingQueue"/>
			<window name="windowToolsCampfire" />
			<window name="windowFuel" />
			<window name="windowOutput" />
			<window name="windowNonPagingHeader" />
		</window_group>

		<window_group name="workstation_cntStoveWorking" controller="XUiC_WorkstationWindowGroup" open_backpack_on_open="true" close_compass_on_open="true">
			<window name="windowCraftingList"/>
			<window name="craftingInfoPanel"/>
			<window name="windowCraftingQueue"/>
			<window name="windowToolsCampfire" />
			<window name="windowFuel" />
			<window name="windowOutput" />
			<window name="windowNonPagingHeader" />
		</window_group>
		
		<window_group name="workstation_cntGasGrillWorking" controller="XUiC_WorkstationWindowGroup" open_backpack_on_open="true" close_compass_on_open="true">
			<window name="windowCraftingList"/>
			<window name="craftingInfoPanel"/>
			<window name="windowCraftingQueue"/>
			<window name="windowToolsCampfire" />
			<window name="windowFuel" />
			<window name="windowOutput" />
			<window name="windowNonPagingHeader" />
		</window_group>

		<window_group name="workstation_cntCharcoalGrillWorking" controller="XUiC_WorkstationWindowGroup" open_backpack_on_open="true" close_compass_on_open="true">
			<window name="windowCraftingList"/>
			<window name="craftingInfoPanel"/>
			<window name="windowCraftingQueue"/>
			<window name="windowToolsCampfire" />
			<window name="windowFuel" />
			<window name="windowOutput" />
			<window name="windowNonPagingHeader" />
		</window_group>
	</append>
</configs>