<blocks>
<!-- Able To Pick Up Traps -->
  <append xpath="/blocks/block[@name='trapSpikesWoodDmg0']">
    <property name="CanPickup" value="true" param1="trapSpikesWoodDmg0" />
  </append>

  <append xpath="/blocks/block[@name='trapSpikesIronDmg0']">
    <property name="CanPickup" value="true" param1="trapSpikesIronDmg0" />
  </append>

  <append xpath="/blocks/block[@name='barbedFence']">
    <property name="CanPickup" value="true" />
  </append>
  
  <!-- Better Traps -->
  <set xpath="//block[@name='bladeTrap']/property[@name='Damage']/@value">40</set>
  <set xpath="//block[@name='bladeTrap']/property[@name='DamageReceived']/@value">2</set>
  <set xpath="//block[@name='electricfencepost']/property[@name='MaxDamage']/@value">500</set>
<!-- SJ: Add a craftable wall oven with campfire crafting options -->

	<append xpath="/blocks">
		<block name="cntWallOvenWorking">
			<property name="Class" value="Workstation"/>
			<property class="Workstation">
				<property name="Modules" value="tools,output,fuel,input"/>
				<property name="CraftingAreaRecipes" value="campfire" />
				<property name="Collide" value="melee,bullet,arrow,rocket"/>
			</property>
			<property name="CustomIcon" value="cntwallOvenFullWhite"/>
			<property name="Material" value="Mmetal"/>
			<property name="CustomIconTint" value="A0A0A0"/>
			<property name="TintColor" value="A0A0A0"/>
			<property name="Shape" value="ModelEntity"/>
			<property name="Model" value="@:Entities/LootContainers/wallOvenFullPrefab.prefab"/>
			<property name="Place" value="TowardsPlacerInverted"/>
			<property name="FilterTags" value="MC_building,SC_loot,SC_electrical"/>
			<property name="DisplayType" value="blockMulti"/>
			<property name="HeatMapStrength" value="4"/>
			<property name="HeatMapTime" value="4000"/>
			<property name="HeatMapFrequency" value="1000"/>
			<property name="ActiveRadiusEffects" value="buffCampfireAOE(2)"/>
			<property name="UnlockedBy" value="craftingFood"/>
			<property name="WorkstationIcon" value="ui_game_symbol_campfire"/>
			<property name="CraftActionName" value="lblContextActionCook"/>
			<property name="CraftIcon" value="ui_game_symbol_spatula"/>
			<property name="OpenSound" value="campfire_open"/>
			<property name="CloseSound" value="campfire_close"/>
			<property name="ParticleName" value="campfire"/>
			<property name="ParticleOffset" value="0.5,0,0.5"/>
			<property name="CraftSound" value="campfire_cook_click"/>
			<property name="CraftCompleteSound" value="campfire_complete_item"/>
			<property name="WorkstationJournalTip" value="heatMapTip"/>
			<property name="Stacknumber" value="1"/>
			<property class="RepairItems">
				<property name="resourceScrapIron" value="10"/>
			</property>
			<drop event="Harvest" name="terrStone" count="0" tool_category="Disassemble"/>
			<drop event="Harvest" name="resourceMechanicalParts" count="0,1" tag="salvageHarvest"/>
			<drop event="Harvest" name="resourceMetalPipe" count="1,2" tag="salvageHarvest"/>
			<drop event="Destroy" name="resourceScrapIron" count="5,10" prob="1"/>
			<drop event="Fall" name="scrapMetalPile" count="1" prob="0.75" stick_chance="1"/>
			<property name="Group" value="Basics,Food/Cooking,Building,advBuilding"/>
			<property name="DescriptionKey" value="stoveWorkingDesc"/>
			<property name="SellableToTrader" value="false"/>
		</block>

		<block name="cntStoveWorking">
			<property name="Class" value="Workstation"/>
			<property class="Workstation">
				<property name="Modules" value="tools,output,fuel,input"/>
				<property name="CraftingAreaRecipes" value="campfire" />
				<property name="Collide" value="melee,bullet,arrow,rocket"/>
			</property>
			<property name="CustomIcon" value="cntStoveModernVer1Closed"/>
			<property name="Material" value="Mmetal"/>
			<property name="Shape" value="ModelEntity"/>
			<property name="Model" value="@:Entities/LootContainers/stoveElectricModern_01Prefab.prefab"/>
			<property name="Place" value="TowardsPlacerInverted"/>
			<property name="FilterTags" value="MC_building,SC_loot,SC_electrical"/>
			<property name="DisplayType" value="blockMulti"/>
			<property name="HeatMapStrength" value="4"/>
			<property name="HeatMapTime" value="4000"/>
			<property name="HeatMapFrequency" value="1000"/>
			<property name="ActiveRadiusEffects" value="buffCampfireAOE(2)"/>
			<property name="UnlockedBy" value="craftingFood"/>
			<property name="WorkstationIcon" value="ui_game_symbol_campfire"/>
			<property name="CraftActionName" value="lblContextActionCook"/>
			<property name="CraftIcon" value="ui_game_symbol_spatula"/>
			<property name="OpenSound" value="campfire_open"/>
			<property name="CloseSound" value="campfire_close"/>
			<property name="ParticleName" value="campfire"/>
			<property name="ParticleOffset" value="0.5,0,0.5"/>
			<property name="CraftSound" value="campfire_cook_click"/>
			<property name="CraftCompleteSound" value="campfire_complete_item"/>
			<property name="WorkstationJournalTip" value="heatMapTip"/>
			<property name="Stacknumber" value="1"/>
			<property class="RepairItems">
				<property name="resourceScrapIron" value="10"/>
			</property>
			<drop event="Harvest" name="terrStone" count="0" tool_category="Disassemble"/>
			<drop event="Harvest" name="resourceMechanicalParts" count="0,1" tag="salvageHarvest"/>
			<drop event="Harvest" name="resourceMetalPipe" count="1,2" tag="salvageHarvest"/>
			<drop event="Destroy" name="resourceScrapIron" count="5,10" prob="1"/>
			<drop event="Fall" name="scrapMetalPile" count="1" prob="0.75" stick_chance="1"/>
			<property name="Group" value="Basics,Food/Cooking,Building,advBuilding"/>
			<property name="DescriptionKey" value="stoveWorkingDesc"/>
			<property name="SellableToTrader" value="false"/>
		</block>
		
		<block name="cntCharcoalGrillWorking">
			<property name="Class" value="Campfire"/>
			<property name="CustomIcon" value="cntCharcoalGrillClosed"/>
			<property name="Material" value="Mmetal"/>
			<property name="Model" value="@:Entities/LootContainers/Grill_Simple_ClosedPrefab.prefab"/>
			<property name="Place" value="TowardsPlacerInverted"/>
			<property name="Shape" value="ModelEntity"/>
			<property name="FilterTags" value="MC_playerBlocks,SC_decor"/>
			<property name="ImposterExchange" value="imposterBlock" param1="144"/>
			<property name="HeatMapStrength" value="4"/>
			<property name="HeatMapTime" value="5000"/>
			<property name="HeatMapFrequency" value="1000"/>
			<property name="Stacknumber" value="1"/>
			<property name="ActiveRadiusEffects" value="buffCampfireAOE(2)"/>
			<property class="Workstation">
				<property name="Modules" value="tools,output,fuel,input"/>
				<property name="CraftingAreaRecipes" value="campfire" />
				<property name="Collide" value="melee,bullet,arrow,rocket"/>
			</property>
			<property name="UnlockedBy" value="craftingFood"/>
			<property name="WorkstationIcon" value="ui_game_symbol_campfire"/>
			<property name="CraftActionName" value="lblContextActionCook"/>
			<property name="CraftIcon" value="ui_game_symbol_spatula"/>
			<property name="OpenSound" value="campfire_open"/>
			<property name="CloseSound" value="campfire_close"/>
			<property name="ParticleName" value="fire_small"/>
			<property name="ParticleOffset" value="0.5,0.7,0.5"/>
			<property name="CraftSound" value="campfire_cook_click"/>
			<property name="CraftCompleteSound" value="campfire_complete_item"/>
			<property name="WorkstationJournalTip" value="heatMapTip"/>
			<property class="RepairItems">
				<property name="resourceScrapIron" value="10"/>
			</property>
			<drop event="Harvest" name="terrStone" count="0" tool_category="Disassemble"/>
			<drop event="Harvest" name="resourceMechanicalParts" count="0,1" tag="salvageHarvest"/>
			<drop event="Harvest" name="toolCookingGrill" count="0,1" tag="salvageHarvest"/>
			<drop event="Destroy" name="resourceScrapIron" count="5,10" prob="1"/>
			<drop event="Fall" name="scrapMetalPile" count="1" prob="0.75" stick_chance="1"/>
			<property name="Group" value="Basics,Food/Cooking,Building,advBuilding"/>
			<property name="DescriptionKey" value="stoveWorkingDesc"/>
			<property name="SellableToTrader" value="false"/>
			<property name="StabilitySupport" value="false"/>
		</block>
		
		<block name="cntGasGrillWorking">
			<property name="Class" value="Workstation"/>
			<property name="CustomIcon" value="cntGasGrillClosed"/>
			<property name="Material" value="Mmetal"/>
			<property name="Model" value="@:Entities/LootContainers/GasGrill_FullPrefab.prefab"/>
			<property name="Place" value="TowardsPlacerInverted"/>
			<property name="FilterTags" value="MC_playerBlocks,SC_decor"/>
			<property name="Shape" value="ModelEntity"/>
			<property name="HeatMapStrength" value="4"/>
			<property name="HeatMapTime" value="5000"/>
			<property name="HeatMapFrequency" value="1000"/>
			<property name="Stacknumber" value="1"/>
			<property name="ActiveRadiusEffects" value="buffCampfireAOE(2)"/>
			<property class="Workstation">
				<property name="Modules" value="tools,output,fuel,input"/>
				<property name="CraftingAreaRecipes" value="campfire" />
				<property name="Collide" value="melee,bullet,arrow,rocket"/>
			</property>
			<property name="UnlockedBy" value="craftingFood"/>
			<property name="WorkstationIcon" value="ui_game_symbol_campfire"/>
			<property name="CraftActionName" value="lblContextActionCook"/>
			<property name="CraftIcon" value="ui_game_symbol_spatula"/>
			<property name="OpenSound" value="campfire_open"/>
			<property name="CloseSound" value="campfire_close"/>
			<property name="ParticleName" value="fire_small"/>
			<property name="ParticleOffset" value="0.5,0.6,0.5"/>
			<property name="CraftSound" value="campfire_cook_click"/>
			<property name="CraftCompleteSound" value="campfire_complete_item"/>
			<property name="WorkstationJournalTip" value="heatMapTip"/>
			<property class="RepairItems">
				<property name="resourceScrapIron" value="10"/>
			</property>
			<drop event="Harvest" name="terrStone" count="0" tool_category="Disassemble"/>
			<drop event="Harvest" name="resourceMechanicalParts" count="0,1" tag="salvageHarvest"/>
			<drop event="Harvest" name="toolCookingGrill" count="0,1" tag="salvageHarvest"/>
			<drop event="Destroy" name="resourceScrapIron" count="5,10" prob="1"/>
			<drop event="Fall" name="scrapMetalPile" count="1" prob="0.75" stick_chance="1"/>
			<property name="Group" value="Basics,Food/Cooking,Building,advBuilding"/>
			<property name="DescriptionKey" value="stoveWorkingDesc"/>
			<property name="SellableToTrader" value="false"/>
			<property name="StabilitySupport" value="false"/>
		</block>

		
<!-- SJ: Working versions of POI lights - require power and can be turned off and on. -->

        <block name="tableLampLightPlayer">
			<property name="Class" value="PoweredLight"/>
			<property name="Extends" value="tableLampLight01Red"/>
			<property name="CreativeMode" value="Player"/>
			<property name="DescriptionKey" value="lightPlayerGroupDesc"/>
			<property name="CustomIcon" value="tableLampLight01White"/>
			<property name="CustomIconTint" value="B79495"/>
			<property name="RuntimeSwitch" value="true"/>
			<property name="Material" value="Mglass"/>
			<property name="StabilitySupport" value="false"/>
			<property name="TakeDelay" value="5"/>
		</block>
		
		<block name="workLightPlayer">
			<property name="Class" value="PoweredLight"/>
			<property name="Extends" value="workLightPOI"/>
			<property name="CreativeMode" value="Player"/>
			<property name="DescriptionKey" value="lightPlayerGroupDesc"/>
			<property name="CustomIcon" value="workLightPOI"/>
			<property name="RuntimeSwitch" value="true"/>
			<property name="Material" value="Miron"/>
			<property name="StabilitySupport" value="false"/>
			<property name="TakeDelay" value="5"/>
		</block>
		
		<block name="signExitLightPlayer">
			<property name="Class" value="PoweredLight"/>
			<property name="Extends" value="signExitLight"/>
			<property name="CreativeMode" value="Player"/>
			<property name="DescriptionKey" value="lightPlayerGroupDesc"/>
			<property name="HandleFace" value="Top"/>
			<property name="CustomIcon" value="signExitLight"/>
			<property name="RuntimeSwitch" value="true"/>
			<property name="Material" value="Mglass"/>
			<property name="StabilitySupport" value="false"/>
			<property name="TakeDelay" value="5"/>
		</block>
	
		<block name="ceilingFanLightPlayer">
			<property name="Class" value="PoweredLight"/>
			<property name="Extends" value="ceilingFanLight"/>
			<property name="CreativeMode" value="Player"/>
			<property name="DescriptionKey" value="lightPlayerGroupDesc"/>
			<property name="CustomIcon" value="ceilingFanLight"/>
			<property name="HandleFace" value="Top"/>
			<property name="RuntimeSwitch" value="true"/>
			<property name="Material" value="Mbrass"/>
			<property name="StabilitySupport" value="false"/>
			<property name="TakeDelay" value="5"/>
		</block>
		
		<block name="signShopOpenPlayer">
			<property name="Class" value="PoweredLight"/>
			<property name="Extends" value="signShopOpen"/>
			<property name="CreativeMode" value="Player"/>
			<property name="DescriptionKey" value="lightPlayerGroupDesc"/>
			<property name="CustomIcon" value="signShopOpenSwitch"/>
			<property name="HandleFace" value="Top"/>
			<property name="RuntimeSwitch" value="true"/>
			<property name="Material" value="Mglass"/>
			<property name="StabilitySupport" value="false"/>
			<property name="TakeDelay" value="5"/>
		</block>

		<block name="deskLampLightPlayer">
			<property name="Class" value="PoweredLight"/>
			<property name="Extends" value="deskLampLight"/>
			<property name="CreativeMode" value="Player"/>
			<property name="DescriptionKey" value="lightPlayerGroupDesc"/>
			<property name="CustomIcon" value="deskLampLight"/>
			<property name="RuntimeSwitch" value="true"/>
			<property name="Material" value="Mbrass"/>
			<property name="StabilitySupport" value="false"/>
			<property name="TakeDelay" value="5"/>
		</block>
		
		<block name="sconce1LightShadowPlayer">
			<property name="Class" value="PoweredLight"/>
			<property name="Extends" value="lightSconce"/>
			<property name="CreativeMode" value="Player"/>
			<property name="DescriptionKey" value="lightPlayerGroupDesc"/>
			<property name="CustomIcon" value="lightSconce"/>
			<property name="HandleFace" value="Top"/>
			<property name="RuntimeSwitch" value="true"/>
			<property name="Material" value="Mbrass"/>
			<property name="StabilitySupport" value="false"/>
			<property name="TakeDelay" value="5"/>
		</block>

		<block name="porchLight01Player">
			<property name="Class" value="PoweredLight"/>
			<property name="Extends" value="lightPorchWhite"/>
			<property name="CustomIcon" value="lightPorchWhite"/>
			<property name="CustomIconTint" value="5E5E5E"/>
			<property name="TintColor" value="5E5E5E"/>
			<property name="CreativeMode" value="Player"/>
			<property name="HandleFace" value="Top"/>
			<property name="DescriptionKey" value="lightPlayerGroupDesc"/>
			<property name="RuntimeSwitch" value="true"/>
			<property name="Material" value="Mbrass"/>
			<property name="StabilitySupport" value="false"/>
			<property name="TakeDelay" value="5"/>
		</block>

		<block name="porchLight04BrassPlayer">
			<property name="Class" value="PoweredLight"/>
			<property name="Extends" value="lightPorchWhite"/>
			<property name="CustomIcon" value="lightPorchWhite"/>
			<property name="CustomIconTint" value="8F8672"/>
			<property name="TintColor" value="8F8672"/>
			<property name="CreativeMode" value="Player"/>
			<property name="HandleFace" value="Top"/>
			<property name="DescriptionKey" value="lightPlayerGroupDesc"/>
			<property name="RuntimeSwitch" value="true"/>
			<property name="Material" value="Mbrass"/>
			<property name="StabilitySupport" value="false"/>
			<property name="TakeDelay" value="5"/>
		</block>

		<block name="ceilingLight02Player">
			<property name="Class" value="PoweredLight"/>
			<property name="Extends" value="ceilingLight02"/>
			<property name="CreativeMode" value="Player"/>
			<property name="DescriptionKey" value="lightPlayerGroupDesc"/>
			<property name="CustomIcon" value="ceilingLight02"/>
			<property name="HandleFace" value="Top"/>
			<property name="RuntimeSwitch" value="true"/>
			<property name="Material" value="Mmetal_weak"/>
			<property name="StabilitySupport" value="false"/>
			<property name="TakeDelay" value="5"/>
		</block>

		<block name="ceilingLight02BrassPlayer">
			<property name="Class" value="PoweredLight"/>
			<property name="Extends" value="ceilingLight02Brass"/>
			<property name="TintColor" value="968C61"/>
			<property name="CreativeMode" value="Player"/>
			<property name="DescriptionKey" value="lightPlayerGroupDesc"/>
			<property name="CustomIcon" value="ceilingLight02Brass"/>
			<property name="HandleFace" value="Top"/>
			<property name="RuntimeSwitch" value="true"/>
			<property name="Material" value="Mbrass"/>
			<property name="StabilitySupport" value="false"/>
			<property name="TakeDelay" value="5"/>
		</block>

		<block name="ceilingLight04Player">
			<property name="Class" value="PoweredLight"/>
			<property name="Extends" value="ceilingLight04"/>
			<property name="CreativeMode" value="Player"/>
			<property name="DescriptionKey" value="lightPlayerGroupDesc"/>
			<property name="CustomIcon" value="ceilingLight04"/>
			<property name="HandleFace" value="Top"/>
			<property name="RuntimeSwitch" value="true"/>
			<property name="Material" value="Miron"/>
			<property name="StabilitySupport" value="false"/>
			<property name="TakeDelay" value="5"/>
		</block>

		<block name="ceilingLight05Player">
			<property name="Class" value="PoweredLight"/>
			<property name="Extends" value="ceilingLight05"/>
			<property name="CreativeMode" value="Player"/>
			<property name="DescriptionKey" value="lightPlayerGroupDesc"/>
			<property name="CustomIcon" value="ceilingLight05"/>
			<property name="HandleFace" value="Top"/>
			<property name="RuntimeSwitch" value="true"/>
			<property name="Material" value="Mmetal_weak"/>
			<property name="StabilitySupport" value="false"/>
			<property name="TakeDelay" value="5"/>
		</block>

		<block name="ceilingLight05BrassPlayer">
			<property name="Class" value="PoweredLight"/>
			<property name="Extends" value="ceilingLight05Brass"/>
			<property name="CreativeMode" value="Player"/>
			<property name="DescriptionKey" value="lightPlayerGroupDesc"/>
			<property name="CustomIcon" value="ceilingLight05Brass"/>
			<property name="HandleFace" value="Top"/>
			<property name="RuntimeSwitch" value="true"/>
			<property name="Material" value="Mbrass"/>
			<property name="StabilitySupport" value="false"/>
			<property name="TakeDelay" value="5"/>
		</block>

		<block name="recessedLightPlayer">
			<property name="Class" value="PoweredLight"/>
			<property name="Extends" value="recessedLight"/>
			<property name="CreativeMode" value="Player"/>
			<property name="DescriptionKey" value="lightPlayerGroupDesc"/>
			<property name="CustomIcon" value="recessedLight"/>
			<property name="HandleFace" value="Top"/>
			<property name="RuntimeSwitch" value="true"/>
			<property name="Material" value="Mglass"/>
			<property name="StabilitySupport" value="false"/>
			<property name="TakeDelay" value="5"/>
		</block>

		<block name="wallLight01Player">
			<property name="Class" value="PoweredLight"/>
			<property name="Extends" value="lightWallGooseneckWhite"/>
			<property name="CustomIcon" value="lightWallGooseneckWhite"/>
			<property name="CustomIconTint" value="807E73"/>
			<property name="TintColor" value="807E73"/>
			<property name="CreativeMode" value="Player"/>
			<property name="DescriptionKey" value="lightPlayerGroupDesc"/>
			<property name="HandleFace" value="South"/>
			<property name="ModelOffset" value="0,.55,0"/>
			<property name="RuntimeSwitch" value="true"/>
			<property name="Material" value="Miron"/>
			<property name="StabilitySupport" value="false"/>
			<property name="TakeDelay" value="5"/>
		</block>

		<block name="fluorescentLightPlayer">
			<property name="Class" value="PoweredLight"/>
			<property name="Extends" value="fluorescentLight"/>
			<property name="CreativeMode" value="Player"/>
			<property name="DescriptionKey" value="lightPlayerGroupDesc"/>
			<property name="CustomIcon" value="fluorescentLight"/>
			<property name="HandleFace" value="Top"/>
			<property name="RuntimeSwitch" value="true"/>
			<property name="Material" value="Mglass"/>
			<property name="StabilitySupport" value="false"/>
			<property name="TakeDelay" value="5"/>
		</block>

		<block name="trackLightPlayer">
			<property name="Class" value="PoweredLight"/>
			<property name="Extends" value="trackLight"/>
			<property name="CreativeMode" value="Player"/>
			<property name="DescriptionKey" value="lightPlayerGroupDesc"/>
			<property name="CustomIcon" value="trackLight"/>
			<property name="HandleFace" value="Top"/>
			<property name="RuntimeSwitch" value="true"/>
			<property name="Material" value="Mmetal_weak"/>
			<property name="StabilitySupport" value="false"/>
			<property name="TakeDelay" value="5"/>
		</block>

		<block name="chandelierLightPlayer">
			<property name="Class" value="PoweredLight"/>
			<property name="Extends" value="chandelierLight"/>
			<property name="ModelOffset" value="0,0.3,0"/>
			<property name="CreativeMode" value="Player"/>
			<property name="DescriptionKey" value="lightPlayerGroupDesc"/>
			<property name="CustomIcon" value="chandelierLight"/>
			<property name="HandleFace" value="Top"/>
			<property name="RuntimeSwitch" value="true"/>
			<property name="Material" value="Mmetal_weak"/>
			<property name="TakeDelay" value="5"/>
		</block>

		<block name="lightPlayerVariantHelper">
			<property name="Extends" value="tableLampLight01White"/>
			<property name="CustomIcon" value="tableLampLight01White"/>
			<property name="CustomIconTint" value="B79495"/>
			<property name="CreativeMode" value="Player"/>
			<property name="DescriptionKey" value="blockVariantHelperGroupDesc"/>
			<property name="UnlockedBy" value="craftingElectrician"/>
			<property name="ItemTypeIcon" value="all_blocks"/>
			<property name="SelectAlternates" value="true"/>
			<property name="PlaceAltBlockValue" value="tableLampLightPlayer,workLightPlayer,signExitLightPlayer,ceilingFanLightPlayer,signShopOpenPlayer,deskLampLightPlayer,ceilingLight01_player,industrialLight01_player,industrialLight02_player,ceilingLight07_player,sconce1LightShadowPlayer,porchLight01Player,porchLight04BrassPlayer,ceilingLight02Player,ceilingLight02BrassPlayer,ceilingLight04Player,ceilingLight05Player,ceilingLight05BrassPlayer,recessedLightPlayer,wallLight01Player,fluorescentLightPlayer,trackLightPlayer,chandelierLightPlayer"/>
			<property name="Group" value="Basics,Building,advBuilding"/>
			<property name="PickupJournalEntry" value="shapeMenuTip"/>
		</block>

	</append>

<!--Start Added Pick up Shit -->
    <!-- *** DecoPipes -->
    <remove xpath="/blocks/block[@name='pipeLargeBlockVariantHelper']/property[@name='FilterTags']"></remove>
    <remove xpath="/blocks/block[@name='pipeSmallBlockVariantHelper']/property[@name='FilterTags']"></remove>

    <append xpath="/blocks">

        <!--    Smokers    -->
        <block name="VaybensSmokersMultiblock">
            <property name="Extends" value="decoEntityMetalMaster"/>
            <property name="CreativeMode" value="Player"/>
            <property name="CustomIcon" value="capChimney"/>
            <property name="CustomIconTint" value="007700"/>
            <property name="ItemTypeIcon" value="all_blocks"/>
            <property name="EconomicValue" value="10"/>
            <property name="Stacknumber" value="10"/>
            <property name="DescriptionKey" value="blockVariantHelperGroupDesc"/>
            <property name="PickupJournalEntry" value="shapeMenuTip"/>
            <property name="SelectAlternates" value="true"/>
            <property name="Place" value="TowardsPlacerInverted"/>
            <property name="PlaceAltBlockValue" value="capChimneyLargeSmoke,chimneyPOI,chimneyBlackPOI,signGunsThinSmoke"/>
            <property name="SortOrder1" value="B650"/>
            <property name="SortOrder2" value="0002"/>
        </block>

        <!--    Electrical    -->
        <block name="VaybensElectricalMultiblock">
            <property name="Extends" value="breakerBoxClosed"/>
            <property name="CreativeMode" value="Player"/>
            <property name="CustomIcon" value="breakerBoxClosed"/>
            <property name="CustomIconTint" value="007700"/>
            <property name="ItemTypeIcon" value="all_blocks"/>
            <property name="EconomicValue" value="10"/>
            <property name="Stacknumber" value="20"/>
            <property name="DescriptionKey" value="blockVariantHelperGroupDesc"/>
            <property name="PickupJournalEntry" value="shapeMenuTip"/>
            <property name="SelectAlternates" value="true"/>
            <property name="Place" value="TowardsPlacerInverted"/>
            <property name="PlaceAltBlockValue" value="breakerBoxClosed,breakerBoxOpen,breakerBoxBroken,breakerBoxWallClosed,breakerBoxWallOpen,residentialSingleMeterDisconnect,commercialDistributionBox,commercialSingleMeterDisconnect,commercialSingleMeter,commercialDualMeter,commercialTripleMeter,commercialQuadMeter"/>
            <property name="SortOrder1" value="B650"/>
            <property name="SortOrder2" value="0002"/>
        </block>

        <remove xpath="/blocks/block[@name='switch']/property[@name='UnlockedBy']"/>
        <block name="VaybensPushButtonSwitch01">
            <property name="Extends" value="switch"/>
            <property name="CreativeMode" value="None"/>
            <property name="ActivateSound" value="button4"/>
            <property name="DisplayType" value="blockElectrical"/>
            <property name="Class" value="Switch"/>
            <property name="RequiredPower" value="1"/>
            <property name="TriggerType" value="Switch"/>
            <property name="OnlySimpleRotations" value="false"/>
            <property name="CustomIcon" value="pushButtonSwitch01"/>
            <property name="Model" value="Entities/Industrial/powerSwitchButton_01Prefab"/>
        </block>
        <block name="VaybensPowerSwitch01">
            <property name="Extends" value="VaybensPushButtonSwitch01"/>
            <property name="CustomIcon" value="powerSwitch01"/>
            <property name="Model" value="Entities/Industrial/powerSwitchOff_01Prefab"/>
        </block>

        <!--    Conduit    -->
        <block name="VaybensConduitMultiblock">
            <property name="Extends" value="corrugatedMetalNoUpgradeMaster"/>
            <property name="CreativeMode" value="Player"/>
            <property name="CustomIcon" value="conduit01End"/>
            <property name="CustomIconTint" value="007700"/>
            <property name="ItemTypeIcon" value="all_blocks"/>
            <property name="EconomicValue" value="10"/>
            <property name="Stacknumber" value="50"/>
            <property name="DescriptionKey" value="blockVariantHelperGroupDesc"/>
            <property name="PickupJournalEntry" value="shapeMenuTip"/>
            <property name="SelectAlternates" value="true"/>
            <property name="Place" value="TowardsPlacerInverted"/>
            <property name="PlaceAltBlockValue" value="conduit01,conduit01End,conduit01Curve,conduitTriple90AngleEnd,conduit01Corner,conduitSingleCentered,conduitSingleCenteredEnd,conduitSingle90Angle,conduitSingleCorner,conduitSingleOffset,conduitSingleOffsetEnd,VaybensPushButtonSwitch01,VaybensPowerSwitch01"/>
            <property name="SortOrder1" value="B650"/>
            <property name="SortOrder2" value="0002"/>
        </block>

        <!-- *** WORK_LIGHT -->
        <block name="VaybensWorkLight">
            <property name="Extends" value="lanternDecorLightWhite" param1="HandleFace"/>
            <property name="CreativeMode" value="None"/>
            <property name="DisplayType" value="blockMulti"/>
            <property name="MultiBlockDim" value="1,2,1"/>
            <property name="CustomIcon" value="workLightPOI"/>
            <property name="ItemTypeIcon" value="electric_power"/>
            <property name="Model" value="Entities/Lighting/work_lightPrefab"/>
            <property name="WaterFlow" value="permitted"/>
            <property name="Collide" value="melee,bullet,arrow,rocket,movement"/>
            <property name="SortOrder1" value="B202"/>
            <property name="SortOrder2" value="2500"/>
            <property name="Place" value="TowardsPlacerInverted"/>
            <property name="OnlySimpleRotations" value="false"/>
            <property name="Class" value="PoweredLight"/>
            <property name="Light" value="0.5"/>
            <property name="HeatMapStrength" value=".5"/>
            <property name="HeatMapTime" value="4000"/>
            <property name="CanPickup" value="true" param1="VaybensLightsMultiblock"/>
            <property name="TakeDelay" value="3"/>
            <property class="RepairItems">
                <property name="resourceScrapIron" value="10"/>
            </property>
            <dropextendsoff/>
            <drop event="Harvest" name="terrStone" count="0" tool_category="Disassemble"/>
            <drop event="Harvest" name="resourceScrapIron" count="5,8" tag="salvageHarvest"/>
            <drop event="Destroy" name="resourceScrapIron" count="1,2"/>
            <drop event="Fall" name="scrapMetalPile" count="1" prob="0.75" stick_chance="1"/>
        </block>
        <block name="VaybensLightPanelLEDWhite">
            <property name="Extends" value="VaybensWorkLight" param1="HandleFace"/>
            <property name="CustomIcon" value="lightPanelLEDWhite"/>
            <property name="ItemTypeIcon" value="electric_power"/>
            <property name="Model" value="Entities/Electrical/lightPanelLEDPrefab"/>
            <property name="ModelOffset" value="0,.545,0"/>
            <property name="CanPickup" value="false"/>
            <property name="TakeDelay" value="-1"/>
            <property name="MultiBlockDim" value="1,1,1"/>
        </block>
        <block name="VaybensLightPanelLEDSilver">
            <property name="Extends" value="VaybensWorkLight" param1="HandleFace"/>
            <property name="CustomIcon" value="lightPanelLEDWhite"/>
            <property name="Model" value="Entities/Electrical/lightPanelLEDPrefab"/>
            <property name="ItemTypeIcon" value="electric_power"/>
            <property name="ModelOffset" value="0,.545,0"/>
            <property name="CustomIconTint" value="938D87"/>
            <property name="TintColor" value="938D87"/>
            <property name="CanPickup" value="false"/>
            <property name="TakeDelay" value="-1"/>
            <property name="MultiBlockDim" value="1,1,1"/>
        </block>
        <block name="VaybensLightPanelLEDGrey">
            <property name="Extends" value="VaybensWorkLight" param1="HandleFace"/>
            <property name="CustomIcon" value="lightPanelLEDWhite"/>
            <property name="Model" value="Entities/Electrical/lightPanelLEDPrefab"/>
            <property name="ItemTypeIcon" value="electric_power"/>
            <property name="ModelOffset" value="0,.545,0"/>
            <property name="CustomIconTint" value="555351"/>
            <property name="TintColor" value="555351"/>
            <property name="CanPickup" value="false"/>
            <property name="TakeDelay" value="-1"/>
            <property name="MultiBlockDim" value="1,1,1"/>
        </block>
        <block name="VaybensLightPanelLEDBlack">
            <property name="Extends" value="VaybensWorkLight" param1="HandleFace"/>
            <property name="CustomIcon" value="lightPanelLEDWhite"/>
            <property name="Model" value="Entities/Electrical/lightPanelLEDPrefab"/>
            <property name="ItemTypeIcon" value="electric_power"/>
            <property name="Light" value="1"/>
            <property name="ModelOffset" value="0,.545,0"/>
            <property name="CustomIconTint" value="1F1C1B"/>
            <property name="TintColor" value="1F1C1B"/>
            <property name="CanPickup" value="false"/>
            <property name="TakeDelay" value="-1"/>
            <property name="MultiBlockDim" value="1,1,1"/>
        </block>
        <block name="VaybensStreetLightClassic">
            <property name="Extends" value="VaybensWorkLight" param1="HandleFace"/>
            <property name="CustomIcon" value="streetLightClassic"/>
            <property name="Model" value="Entities/Electrical/lightStreetClassicPrefab"/>
            <property name="ItemTypeIcon" value="electric_power"/>
            <property name="CanPickup" value="false"/>
            <property name="TakeDelay" value="-1"/>
            <property name="MultiBlockDim" value="1,5,1"/>
        </block>
        <block name="VaybensSignNeonColdBeer">
            <property name="Extends" value="VaybensWorkLight" param1="HandleFace"/>
            <property name="CustomIcon" value="signNeonColdBeer"/>
            <property name="Model" value="Entities/Electrical/signNeonColdBeerPrefab"/>
            <property name="ItemTypeIcon" value="electric_power"/>
            <property name="CanPickup" value="false"/>
            <property name="TakeDelay" value="-1"/>
            <property name="MultiBlockDim" value="1,1,1"/>
        </block>
        <block name="VaybensLightIndustrialRed">
            <property name="Extends" value="VaybensWorkLight" param1="HandleFace"/>
            <property name="CustomIcon" value="lightIndustrialRed"/>
            <property name="Model" value="Entities/Electrical/lightIndustrialRedPrefab"/>
            <property name="ItemTypeIcon" value="electric_power"/>
            <property name="CanPickup" value="false"/>
            <property name="TakeDelay" value="-1"/>
            <property name="MultiBlockDim" value="1,1,1"/>
            <property name="TintColor" value="CC0000"/>
        </block>
        <block name="VaybensLightIndustrialMountedWallRed">
            <property name="Extends" value="VaybensWorkLight" param1="HandleFace"/>
            <property name="CustomIcon" value="lightIndustrialMountedWallRed"/>
            <property name="Model" value="Entities/Electrical/lightIndustrialMountedWallRedPrefab"/>
            <property name="HandleFace" value="South"/>
            <property name="ItemTypeIcon" value="electric_power"/>
            <property name="CanPickup" value="false"/>
            <property name="TakeDelay" value="-1"/>
            <property name="MultiBlockDim" value="1,1,1"/>
            <property name="TintColor" value="CC0000"/>
        </block>

        <!--    Lights    -->
        <block name="VaybensLightsMultiblock">
            <property name="Extends" value="lanternDecorLightWhite"/>
            <property name="CreativeMode" value="Player"/>
            <property name="Class" value="PoweredLight"/>
            <property name="Light" value="0.5"/>
            <property name="CustomIcon" value="workLightPOI"/>
            <property name="CustomIconTint" value="007700"/>
            <property name="ItemTypeIcon" value="all_blocks"/>
            <property name="EconomicValue" value="10"/>
            <property name="Stacknumber" value="20"/>
            <property name="OnlySimpleRotations" value="false"/>
            <property name="DescriptionKey" value="blockVariantHelperGroupDesc"/>
            <property name="PickupJournalEntry" value="shapeMenuTip"/>
            <property name="SelectAlternates" value="true"/>
            <property name="Place" value="TowardsPlacerInverted"/>
            <property name="PlaceAltBlockValue" value="VaybensWorkLight,VaybensStreetLightClassic,VaybensLightPanelLEDWhite,VaybensLightPanelLEDSilver,VaybensLightPanelLEDGrey,VaybensLightPanelLEDBlack,VaybensSignNeonColdBeer,VaybensLightIndustrialMountedWallRed,VaybensLightIndustrialRed"/>
            <property name="SortOrder1" value="B650"/>
            <property name="SortOrder2" value="0002"/>
        </block>

        <!--    Barriers    -->
        <block name="VaybensBarrierConcrete">
            <property name="Extends" value="barrierConcrete"/>
            <property name="CustomIcon" value="barrierConcrete"/>
            <property name="Stacknumber" value="10"/>
        </block>
        <block name="VaybensRoadBarricadeLight">
            <property name="Extends" value="roadBarricadeLight"/>
            <property name="CustomIcon" value="roadBarricadeLight"/>
            <property name="Class" value=""/>
            <property name="Light" value="0.5"/>
            <property name="Stacknumber" value="10"/>
        </block>
        <block name="VaybensSignTowAway">
            <property name="Extends" value="signTowAway"/>
            <property name="CustomIcon" value="signTowAway"/>
            <property name="Stacknumber" value="20"/>
        </block>

        <!--    Decorations    -->
        <block name="VaybensDecorationsMultiblock">
            <property name="Extends" value="corrugatedMetalNoUpgradeMaster"/>
            <property name="CreativeMode" value="Player"/>
            <property name="CustomIcon" value="signDoNotEnterHanging"/>
            <property name="CustomIconTint" value="007700"/>
            <property name="ItemTypeIcon" value="all_blocks"/>
            <property name="EconomicValue" value="10"/>
            <property name="Stacknumber" value="50"/>
            <property name="OnlySimpleRotations" value="false"/>
            <property name="DescriptionKey" value="blockVariantHelperGroupDesc"/>
            <property name="PickupJournalEntry" value="shapeMenuTip"/>
            <property name="SelectAlternates" value="true"/>
            <property name="Place" value="TowardsPlacerInverted"/>
            <property name="PlaceAltBlockValue" value="signDoNotEnterHanging,signDoNotEnter,signPrivateProperty,signRoadWork,targetPoster1,targetPoster2"/>
            <property name="SortOrder1" value="B650"/>
            <property name="SortOrder2" value="0002"/>
        </block>


        <!--  *** elevatorDoors -->
        <block name="elevatorDoor_Powered">
            <property name="Extends" value="elevatorDoor" param1="DowngradeBlock"/>
            <property name="Class" value="PoweredDoor"/>
            <property name="UnlockedBy" value="craftingElectrician"/>
            <property name="CustomIcon" value="elevatorDoor"/>
            <property name="ItemTypeIcon" value="electric_power"/>
            <property name="DescriptionKey" value="elevatorDoor_PoweredDesc"/>
            <property name="CanPickup" value="false"/>
            <property name="MaxDamage" value="10000"/>
            <property name="SortOrder2" value="0001"/>
            <property name="Tags" value="electricianSkill"/>
            <property class="RepairItems">
                <property name="resourceForgedSteel" value="7"/>
            </property>
        </block>

        <block name="elevatorDoorDouble_Powered">
            <property name="Extends" value="elevatorDoorDouble" param1="DowngradeBlock"/>
            <property name="Class" value="PoweredDoor"/>
            <property name="UnlockedBy" value="craftingElectrician"/>
            <property name="CustomIcon" value="elevatorDoorDouble"/>
            <property name="ItemTypeIcon" value="electric_power"/>
            <property name="DescriptionKey" value="elevatorDoorDouble_PoweredDesc"/>
            <property name="CanPickup" value="false"/>
            <property name="MaxDamage" value="10000"/>
            <property name="SortOrder2" value="0100"/>
            <property name="Tags" value="electricianSkill"/>
            <property class="RepairItems">
                <property name="resourceForgedSteel" value="7"/>
            </property>
        </block>


        <!-- *** PLAYER_LOCKED_WRITABLE_WOOD_LOOT_CRATE -->
        <block name="VaybensWineBarrel">
            <property name="CreativeMode" value="Player"/>
            <property name="Class" value="CompositeTileEntity"/>
            <property class="CompositeFeatures">
                <property class="TEFeatureStorage">
                    <property name="LootList" value="VaybensWineBarrelStorage"/>
                </property>
                <property class="TEFeatureLockable"/>
            </property>

            <property name="CustomIcon" value="wineBarrel"/>
            <property name="Material" value="MwoodReinforced"/>
            <property name="Shape" value="ModelEntity"/>
            <property name="Model" value="Entities/Decor/wineBarrelPrefab"/>
            <property name="WaterFlow" value="permitted"/>
            <property name="Path" value="solid"/>
            <property name="Place" value="TowardsPlacerInverted"/>
            <property name="AllowedRotations" value="Basic90"/>
            <property name="FuelValue" value="300"/>
            <property name="EconomicValue" value="6"/>
            <property name="MaxDamage" value="500"/>
            <property class="RepairItems">
                <property name="resourceWood" value="10"/>
            </property>
            <drop event="Destroy" name="resourceWood" count="1,3"/>
            <drop event="Fall" name="terrDestroyedWoodDebris" count="1" prob="0.75" stick_chance="1"/>
            <property name="DowngradeBlock" value="VaybensWineBarrelInsecure"/>
            <property name="SortOrder1" value="B106"/>
            <property name="SortOrder2" value="0000"/>
            <property name="Group" value="Basics,Building,advBuilding"/>
            <property name="Tags" value="timecharge"/>
            <property name="FilterTags" value="MC_playerBlocks,SC_decor"/>
        </block>

        <!-- *** PLAYER_UNLOCKED_WRITABLE_WOOD_LOOT_CRATE -->
        <block name="VaybensWineBarrelInsecure">
            <property name="CreativeMode" value="None"/>
            <property name="Class" value="CompositeTileEntity"/>
            <property class="CompositeFeatures">
                <property class="TEFeatureStorage">
                    <property name="LootList" value="VaybensWineBarrelStorage"/>
                </property>
            </property>

            <property name="CustomIcon" value="wineBarrel"/>
            <property name="Material" value="MwoodReinforced"/>
            <property name="Shape" value="ModelEntity"/>
            <property name="Model" value="Entities/Decor/wineBarrelPrefab"/>
            <property name="WaterFlow" value="permitted"/>
            <property name="AllowedRotations" value="Basic90"/>
            <property name="Path" value="solid"/>
            <property name="MaxDamage" value="500"/>
            <property class="RepairItems">
                <property name="resourceWood" value="10"/>
            </property>
            <drop event="Destroy" name="resourceWood" count="1,3"/>
            <drop event="Fall" name="terrDestroyedWoodDebris" count="1" prob="0.75" stick_chance="1"/>
            <property name="SortOrder1" value="B106"/>
            <property name="SortOrder2" value="0001"/>
            <property name="FilterTags" value="MC_playerBlocks,SC_decor"/>
        </block>
        <block name="VaybensWineBarrelPlain">
            <property name="Extends" value="VaybensWineBarrel"/>
            <property name="CustomIcon" value="wineBarrelPlain"/>
            <property name="Model" value="Entities/Decor/BarrelPrefab"/>
            <property name="DowngradeBlock" value="VaybensWineBarrelPlainInsecure"/>
        </block>
        <block name="VaybensWineBarrelPlainInsecure">
            <property name="Extends" value="VaybensWineBarrelInsecure"/>
            <property name="CustomIcon" value="wineBarrelPlain"/>
            <property name="Model" value="Entities/Decor/BarrelPrefab"/>
        </block>
        <block name="VaybensWineBarrelSet">
            <property name="CreativeMode" value="Player"/>
            <property name="Class" value="CompositeTileEntity"/>
            <property class="CompositeFeatures">
                <property class="TEFeatureStorage">
                    <property name="LootList" value="VaybensWineBarrelSetStorage"/>
                </property>
                <property class="TEFeatureLockable"/>
            </property>

            <property name="CustomIcon" value="wineBarrelSet"/>
            <property name="Material" value="MwoodReinforced"/>
            <property name="Shape" value="ModelEntity"/>
            <property name="Model" value="Entities/Decor/wineBarrelSetPrefab"/>
            <property name="ModelOffset" value=".5,.5,0"/>
            <property name="MultiBlockDim" value="2,2,1"/>
            <property name="WaterFlow" value="permitted"/>
            <property name="Path" value="solid"/>
            <property name="Place" value="TowardsPlacerInverted"/>
            <property name="AllowedRotations" value="Basic90"/>
            <property name="FuelValue" value="300"/>
            <property name="EconomicValue" value="6"/>
            <property name="MaxDamage" value="500"/>
            <property class="RepairItems">
                <property name="resourceWood" value="10"/>
            </property>
            <drop event="Destroy" name="resourceWood" count="1,3"/>
            <drop event="Fall" name="terrDestroyedWoodDebris" count="1" prob="0.75" stick_chance="1"/>
            <property name="DowngradeBlock" value="VaybensWineBarrelSetInsecure"/>
            <property name="SortOrder1" value="B106"/>
            <property name="SortOrder2" value="0000"/>
            <property name="Group" value="Basics,Building,advBuilding"/>
            <property name="Tags" value="timecharge"/>
            <property name="FilterTags" value="MC_playerBlocks,SC_decor"/>
        </block>
        <block name="VaybensWineBarrelSetInsecure">
            <property name="CreativeMode" value="None"/>
            <property name="Class" value="CompositeTileEntity"/>
            <property class="CompositeFeatures">
                <property class="TEFeatureStorage">
                    <property name="LootList" value="VaybensWineBarrelSetStorage"/>
                </property>
            </property>

            <property name="CustomIcon" value="wineBarrelSet"/>
            <property name="Material" value="MwoodReinforced"/>
            <property name="Shape" value="ModelEntity"/>
            <property name="Model" value="Entities/Decor/wineBarrelSetPrefab"/>
            <property name="ModelOffset" value=".5,.5,0"/>
            <property name="MultiBlockDim" value="2,2,1"/>
            <property name="WaterFlow" value="permitted"/>
            <property name="AllowedRotations" value="Basic90"/>
            <property name="Path" value="solid"/>
            <property name="MaxDamage" value="500"/>
            <property class="RepairItems">
                <property name="resourceWood" value="10"/>
            </property>
            <drop event="Destroy" name="resourceWood" count="1,3"/>
            <drop event="Fall" name="terrDestroyedWoodDebris" count="1" prob="0.75" stick_chance="1"/>
            <property name="SortOrder1" value="B106"/>
            <property name="SortOrder2" value="0001"/>
            <property name="FilterTags" value="MC_playerBlocks,SC_decor"/>
        </block>

    </append>


    <!-- *** ROLL_UP_SECURITY_GATES -->
    <set xpath="/blocks/block[starts-with(@name, 'rollUpGate')]/property[@name='OnlySimpleRotations']/@value">false</set>

    <!--    manholeHatch    -->
    <set xpath="/blocks/block[starts-with(@name, 'manholeHatch')]/property[@name='OnlySimpleRotations']/@value">false</set>

    <append xpath="/blocks/block[@name='elevatorDoor']/property[@class='RepairItems']">
        <property name="resourceForgedSteel" value="7"/>
    </append>
    <append xpath="/blocks/block[@name='elevatorDoorDouble']/property[@class='RepairItems']">
        <property name="resourceForgedSteel" value="7"/>
    </append>
    <remove xpath="/blocks/block[@name='elevatorDoor']/property[@class='RepairItems']/property[@name='resourceForgedIron']"></remove>
    <remove xpath="/blocks/block[@name='elevatorDoorDouble']/property[@class='RepairItems']/property[@name='resourceForgedIron']"></remove>
<!--======== Removes harvested materials from neon signs =========-->

	<remove xpath="/blocks/block[@name='signNeonColdBeer']/drop[@event='Harvest']"/>	
	<remove xpath="/blocks/block[@name='signNeonColdBeer']/drop[@event='Destroy']"/>
	
	<remove xpath="/blocks/block[@name='signOpenWallMountChain']/drop[@event='Harvest']"/>
	<remove xpath="/blocks/block[@name='signOpenWallMountChain']/drop[@event='Destroy']"/>
	
<!--======== Makes neon signs salvageable, powerable, and pickupable =========-->

	<append xpath="/blocks/block[@name='signOpenWallMountChain']" >
      	<drop event="Destroy" name="opensignBlockVariantHelper" count="1" tag="salvageHarvest"/>
		<property name="Class" value="PoweredLight"/>
		<property name="Stacknumber" value="50"/>
		<property name="TakeDelay" value="3"/>
		<drop event="Harvest" name="terrStone" count="0" tool_category="Disassemble"/>
    </append>
	
	<append xpath="/blocks/block[@name='signNeonColdBeer']" >
      	<drop event="Destroy" name="signNeonColdBeer" count="1" tag="salvageHarvest"/>
		<property name="Class" value="PoweredLight"/>
		<property name="Stacknumber" value="50"/>
		<property name="TakeDelay" value="3"/>
		<drop event="Harvest" name="terrStone" count="0" tool_category="Disassemble"/>
    </append>
	
	<append xpath="/blocks">
		<block name="opensignBlockVariantHelper">
			<property name="Extends" value="signOpenWallMountChain"/>
			<property name="CreativeMode" value="Player"/>
			<property name="ItemTypeIcon" value="all_blocks"/>
			<property name="DescriptionKey" value="signOpenWallMountChain"/>
			<property name="SelectAlternates" value="true"/>
			<property name="PlaceAltBlockValue" value= "signOpenWallMountChain,signOpenWallMountFrame,signOpenSideMount,signOpenCeilingMount"/>
			<property name="SortOrder1" value="U200"/>
			<property name="SortOrder2" value="0000"/>
			<property name="FilterTags" value="MC_playerBlocks,SC_playerHelpers"/>
			<property name="CustomIcon" value="signOpenWallMountChain"/>
		</block>
	</append>
	

<!--======== Makes flags pickupable as a new variable helper =========-->
	<append xpath="/blocks">
		<block name="AbasiyanikPostersPaintingsPictures">
			<property name="Extends" value="pictureFrameJetGirls"/>
			<property name="CreativeMode" value="Player"/>
			<property name="CustomIcon" value="pictureFrameJetGirls"/>
			<property name="ItemTypeIcon" value="all_blocks"/>
			<property name="DescriptionKey" value="AbasiyanikPostersPaintingsPicturesDesc"/>
			<property name="SelectAlternates" value="true"/>
			<property name="PlaceAltBlockValue" value="pictureFrameJetGirls,pictureFrameCarrier,pictureFrameTank,pictureFrameGunSchematic,pictureFramedMedalsLrg,pictureFramedMedalsMed,pictureFramedMedalsSml,pictureDeskFrameBigFam,pictureDeskFrameModFam,pictureDeskFrameRetroFam,posterCalendarWorkingStiff,calendar2034,posterBlueprintPistol,posterBlueprintRifle,paintingBen,paintingLorien,paintingDerek,paintingNoah,paintingDuke,paintingKen,targetPoster1,targetPoster2,signPosterWantedMissing01,signPosterWantedMissing02,signPosterWantedMissing03,signSnackPosterAtom,signSnackPosterBretzels,signSnackPosterEyeCandy,signSnackPosterFortBites,signSnackPosterGoblinO,signSnackPosterHackers,signSnackPosterHealth,signSnackPosterJailBreakers,signSnackPosterJerky,signSnackPosterNachos,signSnackPosterNachosRanch,signSnackPosterNerd,signSnackPosterOopsClassic,signSnackPosterOops,signSnackPosterPrime,signSnackPosterRamen,signSnackPosterSkullCrusher,signPosterMovie2159,signPosterMovieLoneWolf,signPosterMovieMammasJustice,signPosterMovieSexualTension,signPosterMovieTheater2159,signPosterMovieTheaterLoneWolf,signPosterMovieTheaterMammasJustice,signPosterMovieTheaterSexualTension"/>
			<property name="SortOrder1" value="U200"/>
			<property name="EconomicValue" value="25"/>
			<property name="Group" value="Decor/Miscellaneous"/>
			<property name="FilterTags" value="MC_building,SC_decor,MC_playerBlocks,SC_playerHelpers"/>
		</block>
	</append>	
	
	<append xpath="/blocks">
		<block name="flagBlockVariantHelper">
			<property name="Extends" value="flagWallHungUSA"/>
			<property name="CreativeMode" value="Player"/>
			<property name="CustomIcon" value="flagWallHungUSA"/>
			<property name="ItemTypeIcon" value="all_blocks"/>
			<property name="DescriptionKey" value="flagWallHungUSA"/>
			<property name="SelectAlternates" value="true"/>
			<property name="PlaceAltBlockValue" value="flagWallHungUSA,flagWallHungDuke,flagWallHungHonorDuty,flagWallHungValiant,flagWallHungTFP,flagWallHungGadsdenWhite,flagWallHungGadsdenBrown,flagWallHungGadsdenRed,flagWallHungGadsdenOrange,flagWallHungGadsdenYellow,flagWallHungGadsdenGreen,flagWallHungGadsdenBlue,flagWallHungGadsdenPurple,flagWallHungGadsdenGrey,flagWallHungGadsdenPink,flagWallHungGadsdenArmyGreen,flagTopWallHungUSA,flagTopWallHungDuke,flagTopWallHungHonorDuty,flagTopWallHungValiant,flagTopWallHungTFP,flagTopWallHungGadsdenWhite,flagTopWallHungGadsdenBrown,flagTopWallHungGadsdenRed,flagTopWallHungGadsdenOrange,flagTopWallHungGadsdenYellow,flagTopWallHungGadsdenGreen,flagTopWallHungGadsdenBlue,flagTopWallHungGadsdenPurple,flagTopWallHungGadsdenGrey,flagTopWallHungGadsdenPink,flagTopWallHungGadsdenArmyGreen"/>
			<property name="SortOrder1" value="U200"/>
			<property name="SortOrder2" value="0000"/>
			<property name="FilterTags" value="MC_playerBlocks,SC_playerHelpers"/>
		</block>
	</append>

<!--======== Makes a jail door/wall variable helper =========-->

	<append xpath="/blocks">
		<block name="JailVariantHelper">
			<property name="Extends" value="jailDoorWhite"/>
			<property name="CreativeMode" value="Player"/>
			<property name="CustomIcon" value="jailDoorWhite"/>
			<property name="ItemTypeIcon" value="all_blocks"/>
			<property name="DescriptionKey" value="jailDoorWhite"/>
			<property name="SelectAlternates" value="true"/>
			<property name="PlaceAltBlockValue" value="jailDoorWhite,jailDoorBrown,jailDoorYellow,jailDoorGreen,jailDoorBlue,jailDoorGrey,jailDoorDoubleWhite,jailDoorDoubleBrown,jailDoorDoubleYellow,jailDoorDoubleGreen,jailDoorDoubleBlue,jailDoorDoubleGrey,jailBarsWhite,jailBarsBrown,jailBarsYellow,jailBarsGreen,jailBarsBlue,jailBarsGrey"/>
			<property name="SortOrder1" value="U200"/>
			<property name="SortOrder2" value="0000"/>
			<property name="FilterTags" value="MC_playerBlocks,SC_playerHelpers"/>
		</block>
	</append>

<!--======== Makes a barbed wire variable helper =========-->

	<append xpath="/blocks">
		<block name="barbedWireSpindleVariantHelper">
			<property name="Extends" value="barbedWireSpindle1m"/>
			<property name="CreativeMode" value="Player"/>
			<property name="CustomIcon" value="barbedWireSpindle1m"/>
			<property name="ItemTypeIcon" value="all_blocks"/>
			<property name="DescriptionKey" value="barbedWireSpindle1m"/>
			<property name="SelectAlternates" value="true"/>
			<property name="PlaceAltBlockValue" value="barbedWireSpindle1m,barbedWireSheet,barbedWireSpindle,barbedWireSpindleDiagonal1m,barbedWireSpindle2,barbedWireSpindle3,barbedWireSpindle4"/>
			<property name="SortOrder1" value="U200"/>
			<property name="SortOrder2" value="0000"/>
			<property name="FilterTags" value="MC_playerBlocks,SC_playerHelpers"/>
		</block>
	</append>
	
<!--======== Bulletproof Glass (adds dark glass plates) =========-->

	<append xpath="/blocks/block[@name='glassBulletproofBlockVariantHelper']" >
      	<property name="PlaceAltBlockValue" value="glassBulletproofPlate,glassOpaqueBulletproofPlate,glassBulletproofCTRPlate,glassOpaqueBulletproofCTRPlate,glassBulletproofPlateCurved,glassBulletproofRamp,glassBulletproofRampSheet"/>
    </append>
	

<!--======== Spotlights Rotation =========-->
	
	<append xpath="/blocks/block[@name='spotlightPlayer']" >
      	<property name="OnlySimpleRotations" value="false"/>
    </append>
<!-- End Added Pick Up Shit-->
<!-- Start Lootable Shitz -->
<append xpath="/blocks/block[@name='radioHam']">
    <property name="Class" value="Loot"/>	
		<property name='LootList' value = 'GMBreakers'/>
</append>

<append xpath="/blocks/block[@name='tvCRT']">
    <property name="Class" value="Loot"/>	
		<property name='LootList' value = 'GMBreakers'/>
</append>

<append xpath="/blocks/block[@name='decoServerRackWhite']">
    <property name="Class" value="Loot"/>	
		<property name='LootList' value = 'GMServers'/>
</append>

<append xpath="/blocks/block[@name='decoServerRackBrown']">
    <property name="Class" value="Loot"/>	
		<property name='LootList' value = 'GMServers'/>
</append>

<append xpath="/blocks/block[@name='decoServerRackRed']">
    <property name="Class" value="Loot"/>	
		<property name='LootList' value = 'GMServers'/>
</append>

<append xpath="/blocks/block[@name='decoServerRackOrange']">
    <property name="Class" value="Loot"/>	
		<property name='LootList' value = 'GMServers'/>
</append>

<append xpath="/blocks/block[@name='decoServerRackYellow']">
    <property name="Class" value="Loot"/>	
		<property name='LootList' value = 'GMServers'/>
</append>

<append xpath="/blocks/block[@name='decoServerRackGreen']">
    <property name="Class" value="Loot"/>	
		<property name='LootList' value = 'GMServers'/>
</append>

<append xpath="/blocks/block[@name='decoServerRackBlue']">
    <property name="Class" value="Loot"/>	
		<property name='LootList' value = 'GMServers'/>
</append>

<append xpath="/blocks/block[@name='decoServerRackGrey']">
    <property name="Class" value="Loot"/>	
		<property name='LootList' value = 'GMServers'/>
</append>

<append xpath="/blocks/block[@name='decoServerRackArmyGreen']">
    <property name="Class" value="Loot"/>	
		<property name='LootList' value = 'GMServers'/>
</append>

<!--
<append xpath="/blocks/block[@name='']">
    <property name="Class" value="Loot"/>	
		<property name='LootList' value = ''/>
</append>

<append xpath="/blocks/block[@name='']">
    <property name="Class" value="Loot"/>	
		<property name='LootList' value = ''/>
</append>
 Keep To Add/Adjust Later
<append xpath="/blocks/block[@name='']">
    <property name="Class" value="Loot"/>	
		<property name='LootList' value = ''/>
</append> -->

<append xpath="/blocks/block[@name='palletCartonMilitaryTile']">	
		<property name="Class" value="Loot"/>
		<property name='LootList' value = 'GMArmyTruck'/>
</append>

<append xpath="/blocks/block[@name='palletCartonMilitaryTileCovered']">	
		<property name="Class" value="Loot"/>
		<property name='LootList' value = 'GMArmyTruck'/>
</append>


<append xpath="/blocks/block[@name='cntIceMachine']">	
	  <property name="Class" value="Loot"/>
	  <property name='LootList' value = 'GMIce'/>
</append>

<append xpath="/blocks/block[@name='cntVendingMachine2Broken']">	
	  <property name="Class" value="Loot"/>
	  <property name='LootList' value = 'GMVending'/>
</append>

<append xpath="/blocks/block[@name='cntVendingMachineEnergyBroken']">	
	  <property name="Class" value="Loot"/>
	  <property name='LootList' value = 'GMVending'/>
</append>

<append xpath="/blocks/block[@name='cntVendingMachineWaterBroken']">	
	  <property name="Class" value="Loot"/>
	  <property name='LootList' value = 'GMVending'/>
</append>

<append xpath="/blocks/block[@name='cntVendingMachineSnacksFullBroken']">	
	  <property name="Class" value="Loot"/>
	  <property name='LootList' value = 'GMVending'/>
</append>

<append xpath="/blocks/block[@name='cntVendingMachineSnacksEmptyBroken']">	
	  <property name="Class" value="Loot"/>
	  <property name='LootList' value = 'GMVending'/>
</append>

<append xpath="/blocks/block[@name='tableSaw']">	
	  <property name="Class" value="Loot"/>
	  <property name='LootList' value = 'GMSaw'/>
</append>

<append xpath="/blocks/block[@name='standIV']">
    <property name="Class" value="Loot"/>	
		<property name='LootList' value = 'GMIV'/>
</append>

<!-- End Extra Lootable Shit -->

</blocks>