<configs>
<!--Longer Loot Bags -->
  <set xpath="/entity_classes/entity_class[@name='DroppedLootContainer']/property[@name='TimeStayAfterDeath']/@value">300</set>
  <set xpath="/entity_classes/entity_class[starts-with(@name, 'EntityLootContainer')]/property[@name='TimeStayAfterDeath']/@value">1800</set>
	<!-- Credit: Moikeeee -->
	<!-- water/hydration -->
	<!-- water cost to regen health - default 0.06 -->
	<set xpath="/entity_classes/entity_class[@name='playerMale']/effect_group/passive_effect[@name='WaterLossPerHealthPointGained']/@value">0.021</set>
	<!-- water base drain - default 40/hour (0.0111/sec) -->
	<set xpath="/entity_classes/entity_class[@name='playerMale']/effect_group/passive_effect[@name='WaterChangeOT']/@value">0.0039</set>
	<!-- water cost to regen stamina - default 0.00453 -->
	<set xpath="/entity_classes/entity_class[@name='playerMale']/effect_group/passive_effect[@name='WaterLossPerStaminaPointGained']/@value">0.0016</set>

	<!-- food/fullness -->
	<!-- food base drain - default 30/hour (0.00833/sec) -->
	<set xpath="/entity_classes/entity_class[@name='playerMale']/effect_group/passive_effect[@name='FoodChangeOT']/@value">0.0029</set>
	<!-- food cost to regen stamina - default 0.00408 -->
	<set xpath="/entity_classes/entity_class[@name='playerMale']/effect_group/passive_effect[@name='FoodLossPerStaminaPointGained']/@value">0.0014</set>

	<!-- stamina consumption -->
	<!-- default -1.45 -->
	<set xpath="/entity_classes/entity_class[@name='playerMale']/effect_group/passive_effect[@name='StaminaChangeOT'][@tags='running'][@value='-1.45']/@value">-1.02</set>
	<!-- default -.1 -->
	<set xpath="/entity_classes/entity_class[@name='playerMale']/effect_group/passive_effect[@name='StaminaChangeOT'][@tags='floating'][@value='-.1']/@value">-.5</set>
	<!-- default -1.15 -->
	<set xpath="/entity_classes/entity_class[@name='playerMale']/effect_group/passive_effect[@name='StaminaChangeOT'][@tags='swimming'][@value='-1.15']/@value">-.40</set>
	<!-- default -1.9 -->
	<set xpath="/entity_classes/entity_class[@name='playerMale']/effect_group/passive_effect[@name='StaminaChangeOT'][@tags='swimmingRun'][@value='-1.9']/@value">-.665</set>
	
</configs>