﻿<?xml version="1.0" encoding="utf-8"?>
<configs>
	<append xpath="/items/item[@name='solarCell']">
		<property name="UnlockedBy" value="craftingElectrician"/>
	</append>
	
	<!--Better Tools -->
	  <!-- Chainsaw -->
  <set xpath="items/item[@name='meleeToolAxeT3Chainsaw']/effect_group[@name='meleeToolAxeT3Chainsaw']/passive_effect[@name='MaxRange']/@value">3.5</set>
  <set xpath="items/item[@name='meleeToolAxeT3Chainsaw']/effect_group[@name='meleeToolAxeT3Chainsaw']/passive_effect[@name='EntityDamage' and @operation='base_set']/@value">20</set>
  <set xpath="items/item[@name='meleeToolAxeT3Chainsaw']/effect_group[@name='meleeToolAxeT3Chainsaw']/passive_effect[@name='BlockDamage' and @operation='base_set']/@value">50</set>
  <set xpath="items/item[@name='meleeToolAxeT3Chainsaw']/effect_group[@name='meleeToolAxeT3Chainsaw']/passive_effect[@name='MagazineSize' and @operation='base_set']/@value">500</set>
  <append xpath="items/item[@name='meleeToolAxeT3Chainsaw']/effect_group[@name='meleeToolAxeT3Chainsaw']">
    <passive_effect name="HarvestCount" operation="base_set" value=".35" tags="butcherHarvest" />
  </append>

  <!-- Auger -->
  <set xpath="items/item[@name='meleeToolPickT3Auger']/effect_group[@name='meleeToolPickT3Auger']/passive_effect[@name='MaxRange']/@value">3.5</set>
  <set xpath="items/item[@name='meleeToolPickT3Auger']/effect_group[@name='meleeToolPickT3Auger']/passive_effect[@name='BlockDamage' and @operation='base_set']/@value">50</set>
  <set xpath="items/item[@name='meleeToolPickT3Auger']/effect_group[@name='meleeToolPickT3Auger']/passive_effect[@name='MagazineSize' and @operation='base_set']/@value">500</set>

  <!-- Nailgun -->
  <set xpath="items/item[@name='meleeToolRepairT3Nailgun']/property[@class='Action1']/property[@name='Delay']/@value">0.25</set>
<!-- Start Learn By Doing -->
<!--add a tag (lbu_demo) to the molotoc so that it can be properly identified in progression.xml:lbu_Demolition perk to allocate the correct xp per hit.
	The tag is added to treat it differently than grenades. The grenade explosion gets xp for all effected zombies, while the moly fire only get xp for 
	the zombie that was hit by the molotov, all other zombie on fire are ignored-->
	<set xpath ="/items/item[@name='thrownAmmoMolotovCocktail']/property[@name='Tags']/@value">lbu_DemoMolotov,ammo,weapon,attPerception,perkDemolitionsExpert,explosivesSkill</set> 
	
	<!--Reset the tags for ammoCrossbowBoltExploding. The tags added are exaclty the same as it already has in its definition. 
		perkDemolitionsExpert doesnt return true for requirements statementa if the tags are not re-added. (not sure why)
		e.g. <requirement name="ItemHasTags" tags="perkDemolitionsExpert"/> : returns false for ammoCrossbowBoltExploding even though it has the tag perkDemolitionsExpert in the default code definition-->
	<set xpath ="/items/item[@name='ammoCrossbowBoltExploding']/property[@name='Tags']/@value">ammo,ranged,attAgility,perkArchery,perkPenetrator,perkDemolitionsExpert</set> 
<!-- End Learn By Doing -->
<!-- Item Stacks Start -->
<!-- Ammo Stacks -->
  <set xpath="/items/item[@name='ammo9mmBulletBall']/property[@name='Stacknumber']/@value">500</set>
  <set xpath="/items/item[@name='ammo762mmBulletBall']/property[@name='Stacknumber']/@value">300</set>
  <set xpath="/items/item[@name='ammoShotgunShell']/property[@name='Stacknumber']/@value">300</set>
  <set xpath="/items/item[@name='ammoShotgunSlug']/property[@name='Stacknumber']/@value">300</set>
  <set xpath="/items/item[@name='ammoShotgunBreachingSlug']/property[@name='Stacknumber']/@value">300</set>
  <set xpath="/items/item[@name='ammoRocketHE']/property[@name='Stacknumber']/@value">50</set>
  <set xpath="/items/item[@name='resourceFeather']/property[@name='Stacknumber']/@value">500</set>
  <set xpath="/items/item[@name='ammoArrowStone']/property[@name='Stacknumber']/@value">300</set>
  <set xpath="/items/item[@name='ammoArrowExploding']/property[@name='Stacknumber']/@value">300</set>
  <set xpath="/items/item[@name='ammoCrossbowBoltStone']/property[@name='Stacknumber']/@value">300</set>
  <set xpath="/items/item[@name='ammoCrossbowBoltIron']/property[@name='Stacknumber']/@value">300</set>
  <set xpath="/items/item[@name='ammoCrossbowBoltExploding']/property[@name='Stacknumber']/@value">300</set>
  <set xpath="/items/item[@name='thrownAmmoPipeBomb']/property[@name='Stacknumber']/@value">100</set>
  <set xpath="/items/item[@name='thrownGrenadeContact']/property[@name='Stacknumber']/@value">100</set>
  <set xpath="/items/item[@name='thrownTimedCharge']/property[@name='Stacknumber']/@value">100</set>
  <set xpath="/items/item[@name='thrownDynamite']/property[@name='Stacknumber']/@value">100</set>
  <set xpath="/items/item[@name='thrownAmmoMolotovCocktail']/property[@name='Stacknumber']/@value">100</set>
 <!--Change Stack Sizes-->
  <!-- Drinks -->
  <set xpath="/items/item[@name='drinkJarRiverWater']/property[@name='Stacknumber']/@value">250</set>
  <set xpath="/items/item[@name='drinkJarBoiledWater']/property[@name='Stacknumber']/@value">100</set>
  <set xpath="/items/item[@name='drinkJarPureMineralWater']/property[@name='Stacknumber']/@value">50</set>
  <set xpath="/items/item[@name='drinkJarYuccaJuice']/property[@name='Stacknumber']/@value">50</set>
  <set xpath="/items/item[@name='drinkJarGoldenRodTea']/property[@name='Stacknumber']/@value">50</set>
  <set xpath="/items/item[@name='drinkJarRedTea']/property[@name='Stacknumber']/@value">50</set>
  <set xpath="/items/item[@name='drinkYuccaJuiceSmoothie']/property[@name='Stacknumber']/@value">50</set>
  <set xpath="/items/item[@name='drinkJarCoffee']/property[@name='Stacknumber']/@value">50</set>
  <set xpath="/items/item[@name='drinkJarBeer']/property[@name='Stacknumber']/@value">50</set>
  <set xpath="/items/item[@name='drinkJarGrandpasMoonshine']/property[@name='Stacknumber']/@value">50</set>
  <set xpath="/items/item[@name='drinkJarGrandpasAwesomeSauce']/property[@name='Stacknumber']/@value">50</set>
  <set xpath="/items/item[@name='drinkJarGrandpasLearningElixir']/property[@name='Stacknumber']/@value">50</set>
  <set xpath="/items/item[@name='drinkJarGrandpasForgettingElixir']/property[@name='Stacknumber']/@value">50</set>
 <!-- <set xpath="/items/item[@name='drinkJarBlackStrapCoffee']/property[@name='Stacknumber']/@value">50</set> -->
  
  <!--Change Stack Sizes-->
  <!-- Food -->
  <set xpath="/items/item[@name='foodCanBeef']/property[@name='Stacknumber']/@value">50</set>
  <set xpath="/items/item[@name='foodCornBread']/property[@name='Stacknumber']/@value">50</set>
  <set xpath="/items/item[@name='foodShamSandwich']/property[@name='Stacknumber']/@value">50</set>
  <set xpath="/items/item[@name='foodRawMeat']/property[@name='Stacknumber']/@value">500</set>
  <set xpath="/items/item[@name='foodRottingFlesh']/property[@name='Stacknumber']/@value">1000</set>
  <set xpath="/items/item[@name='foodCropBlueberries']/property[@name='Stacknumber']/@value">250</set>
  <set xpath="/items/item[@name='foodCropCorn']/property[@name='Stacknumber']/@value">250</set>
  <set xpath="/items/item[@name='foodCropGraceCorn']/property[@name='Stacknumber']/@value">250</set>
  <set xpath="/items/item[@name='foodCropPotato']/property[@name='Stacknumber']/@value">250</set>
  <set xpath="/items/item[@name='foodCropMushrooms']/property[@name='Stacknumber']/@value">250</set>
  <set xpath="/items/item[@name='foodCropYuccaFruit']/property[@name='Stacknumber']/@value">250</set>
  <set xpath="/items/item[@name='foodCropPumpkin']/property[@name='Stacknumber']/@value">250</set>
  <set xpath="/items/item[@name='foodCornOnTheCob']/property[@name='Stacknumber']/@value">50</set>
  <set xpath="/items/item[@name='foodCharredMeat']/property[@name='Stacknumber']/@value">50</set>
  <set xpath="/items/item[@name='foodGrilledMeat']/property[@name='Stacknumber']/@value">50</set>
  <set xpath="/items/item[@name='foodBoiledMeat']/property[@name='Stacknumber']/@value">50</set>
  <set xpath="/items/item[@name='foodMeatStew']/property[@name='Stacknumber']/@value">50</set>
  <set xpath="/items/item[@name='foodSteakAndPotato']/property[@name='Stacknumber']/@value">50</set>
  <set xpath="/items/item[@name='foodHoboStew']/property[@name='Stacknumber']/@value">50</set>
  <set xpath="/items/item[@name='foodFishTacos']/property[@name='Stacknumber']/@value">50</set>
 <!-- <set xpath="/items/item[@name='foodChiliDog']/property[@name='Stacknumber']/@value">50</set> -->
  <set xpath="/items/item[@name='foodBakedPotato']/property[@name='Stacknumber']/@value">50</set>
  <set xpath="/items/item[@name='foodBlueberryPie']/property[@name='Stacknumber']/@value">50</set>
  <set xpath="/items/item[@name='foodPumpkinPie']/property[@name='Stacknumber']/@value">50</set>
  <set xpath="/items/item[@name='foodPumpkinBread']/property[@name='Stacknumber']/@value">50</set>
  <set xpath="/items/item[@name='foodShepardsPie']/property[@name='Stacknumber']/@value">50</set>
  <set xpath="/items/item[@name='foodPumpkinCheesecake']/property[@name='Stacknumber']/@value">50</set>
  <set xpath="/items/item[@name='foodGumboStew']/property[@name='Stacknumber']/@value">50</set>
  <set xpath="/items/item[@name='foodSpaghetti']/property[@name='Stacknumber']/@value">50</set>
  <set xpath="/items/item[@name='foodTunaFishGravyToast']/property[@name='Stacknumber']/@value">50</set>
  <set xpath="/items/item[@name='foodEggBoiled']/property[@name='Stacknumber']/@value">50</set>
  <set xpath="/items/item[@name='foodBaconAndEggs']/property[@name='Stacknumber']/@value">50</set>
  <set xpath="/items/item[@name='foodVegetableStew']/property[@name='Stacknumber']/@value">50</set>
  <set xpath="/items/item[@name='foodEgg']/property[@name='Stacknumber']/@value">250</set>
  <set xpath="/items/item[@name='foodCornMeal']/property[@name='Stacknumber']/@value">50</set>
  <!--Change Stack Sizes-->
    <!-- Medical-->
  <set xpath="/items/item[@name='foodHoney']/property[@name='Stacknumber']/@value">20</set>
  <set xpath="/items/item[@name='medicalAloeCream']/property[@name='Stacknumber']/@value">50</set>
  <set xpath="/items/item[@name='medicalFirstAidKit']/property[@name='Stacknumber']/@value">20</set>
  <set xpath="/items/item[@name='medicalBandage']/property[@name='Stacknumber']/@value">20</set>
  <set xpath="/items/item[@name='medicalFirstAidBandage']/property[@name='Stacknumber']/@value">20</set>
  <set xpath="/items/item[@name='medicalBloodBag']/property[@name='Stacknumber']/@value">50</set>
  <set xpath="/items/item[@name='medicalSplint']/property[@name='Stacknumber']/@value">20</set>
  <set xpath="/items/item[@name='resourceTestosteroneExtract']/property[@name='Stacknumber']/@value">50</set>
  <set xpath="/items/item[@name='drugVitamins']/property[@name='Stacknumber']/@value">50</set>
  <set xpath="/items/item[@name='drugPainkillers']/property[@name='Stacknumber']/@value">50</set>
  <set xpath="/items/item[@name='drugHerbalAntibiotics']/property[@name='Stacknumber']/@value">50</set>
  <set xpath="/items/item[@name='drugAntibiotics']/property[@name='Stacknumber']/@value">50</set>
  <set xpath="/items/item[@name='drugRecog']/property[@name='Stacknumber']/@value">50</set>
  <set xpath="/items/item[@name='drugAtomJunkies']/property[@name='Stacknumber']/@value">50</set>
  <!--Change Stack Sizes-->
  <!-- Resources -->
	<set xpath="/items/item[@name='resourceRadiator']/property[@name='Stacknumber']/@value">20</set>
	<set xpath="/items/item[@name='resourceLeather']/property[@name='Stacknumber']/@value">500</set>
	<set xpath="/items/item[@name='resourceCloth']/property[@name='Stacknumber']/@value">500</set>
	<set xpath="/items/item[@name='resourcePaper']/property[@name='Stacknumber']/@value">500</set>
  <!--Change Stack Sizes-->
 
  <!--Change Stack Sizes-->
  <!-- Misc -->
  <set xpath="/items/item[@name='resourceSewingKit']/property[@name='Stacknumber']/@value">100</set>
  <set xpath="/items/item[@name='resourceOil']/property[@name='Stacknumber']/@value">100</set>
  <set xpath="/items/item[@name='resourceRepairKit']/property[@name='Stacknumber']/@value">100</set>
  <set xpath="/items/item[@name='resourceArmorCraftingKit']/property[@name='Stacknumber']/@value">100</set>
  <set xpath="/items/item[@name='resourceHeadlight']/property[@name='Stacknumber']/@value">100</set>
  <set xpath="/items/item[@name='resourceGlue']/property[@name='Stacknumber']/@value">1000</set>
  <set xpath="/items/item[@name='resourceDuctTape']/property[@name='Stacknumber']/@value">1000</set>
  <set xpath="/items/item[@name='resourceSpring']/property[@name='Stacknumber']/@value">1000</set>
  <set xpath="/items/item[@name='resourceLockPick']/property[@name='Stacknumber']/@value">100</set>
  <set xpath="/items/item[@name='resourceCobblestones']/property[@name='Stacknumber']/@value">6000</set>
  <set xpath="/items/item[@name='resourceCement']/property[@name='Stacknumber']/@value">6000</set>
  <set xpath="/items/item[@name='resourceConcreteMix']/property[@name='Stacknumber']/@value">6000</set>
  <set xpath="/items/item[@name='smallEngine']/property[@name='Stacknumber']/@value">25</set>
  <set xpath="/items/item[@name='casinoCoin']/property[@name='Stacknumber']/@value">50000</set>
	<!-- End Of Stacks -->
	<!--Start Better Food N Shit CREDIT:iSneakyPewPew for Mod Refrence -->
	<!-- Waters ||| triggered_effect -> [1]=Water Amount -->
		<set xpath="/items/item[@name='drinkJarBoiledWater']/effect_group/triggered_effect[1]/@value">80</set>
	<!-- Fix Display Values -->
		<set xpath="/items/item[@name='drinkJarBoiledWater']/property[@name='DisplayType']/@value">GasMonWS</set>
		
		<set xpath="/items/item[@name='drinkJarRiverWater']/effect_group/triggered_effect[1]/@value">25</set>
		
		<set xpath="/items/item[@name='drinkJarPureMineralWater']/effect_group/triggered_effect[1]/@value">165</set>
		
	<!-- Honey ||| triggered_effect -> [1]=Food Amount [2]=Health Amount -->
		<set xpath="/items/item[@name='foodHoney']/effect_group/triggered_effect[1]/@value">15</set>
		<set xpath="/items/item[@name='foodHoney']/effect_group/triggered_effect[2]/@value">25</set>
		
	<!-- Juice and Teas, Smoothies ||| triggered_effect -> [1]=Food Amount [2]=Health Amount [3]=Water Amount -->
		<set xpath="/items/item[@name='drinkJarYuccaJuice' or @name='drinkJarGoldenRodTea' or @name='drinkJarRedTea']/effect_group/triggered_effect[1]/@value">10</set>
		
		<set xpath="/items/item[@name='drinkYuccaJuiceSmoothie']/effect_group/triggered_effect[1]/@value">20</set>
		<set xpath="/items/item[@name='drinkYuccaJuiceSmoothie']/effect_group/triggered_effect[2]/@value">40</set>
		<set xpath="/items/item[@name='drinkYuccaJuiceSmoothie']/effect_group/triggered_effect[3]/@value">80</set>
		
	<!-- *** Canned Food -->
		
	<!-- Large White Cans/Rations ||| triggered_effect -> [1]=Food Amount [2]=Health Amount -->
		<set xpath="/items/item[@name='foodCanBeef' or @name='foodCanLamb' or @name='foodCanChicken']/effect_group/triggered_effect[1]/@value">25</set>
		<set xpath="/items/item[@name='foodCanBeef' or @name='foodCanLamb' or @name='foodCanChicken']/effect_group/triggered_effect[2]/@value">10</set>
		<!-- Add a bit of water to them -->
		<insertAfter xpath="/items/item[@name='foodCanBeef' or @name='foodCanLamb' or @name='foodCanChicken']/effect_group/triggered_effect[2]">
			<triggered_effect trigger="onSelfPrimaryActionEnd" action="ModifyCVar" cvar="$waterAmountAdd" operation="add" value="10"/>
		</insertAfter>
		<!-- Fix Display Values -->
		<set xpath="/items/item[@name='foodCanBeef']/property[@name='DisplayType']/@value">GasMonFH</set>
		
	<!-- Soup, Stock, Miso ||| triggered_effect -> [1]=Food Amount [2]=Health Amount [3]=Water Amount -->
		<!-- Fix Display Values -->
		<set xpath="/items/item[@name='foodCanBeef']/property[@name='DisplayType']/@value">GasMonFHW</set>
		<set xpath="/items/item[@name='foodCanMiso']/property[@name='DisplayType']/@value">GasMonFHW</set>
		
	<!-- Salmon, Sham, Tuna ||| triggered_effect -> [1]=Food Amount [2]=Health Amount -->
		<insertAfter xpath="/items/item[@name='foodCanSalmon' or @name='foodCanSham']/effect_group/triggered_effect[2]">
	<!-- Add a bit of water to them -->
			<triggered_effect trigger="onSelfPrimaryActionEnd" action="ModifyCVar" cvar="$waterAmountAdd" operation="add" value="10"/>
		</insertAfter>
		
	<!-- Peas, Pears ||| triggered_effect -> [1]=Food Amount [2]=Health Amount [3]=Water Amount -->
	<!-- Chili, Pasta ||| triggered_effect -> [1]=Food Amount [2]=Health Amount -->
		<insertAfter xpath="/items/item[@name='foodCanChili' or @name='foodCanPasta']/effect_group/triggered_effect[2]">
	<!-- Add a bit of water to them -->
			<triggered_effect trigger="onSelfPrimaryActionEnd" action="ModifyCVar" cvar="$waterAmountAdd" operation="add" value="5"/>
		</insertAfter>
			
	<!-- *** Food -->
		
	<!-- Cooked Vegetables, Basic Foods, Raw Meats ||| triggered_effect -> [1]=Food Amount [2]=Health Amount -->
		<set xpath="/items/item[@name='foodCornOnTheCob' or @name='foodBakedPotato' or @name='foodEggBoiled']/effect_group/triggered_effect[1]/@value">20</set>
		<set xpath="/items/item[@name='foodCornOnTheCob' or @name='foodBakedPotato' or @name='foodEggBoiled']/effect_group/triggered_effect[2]/@value">10</set>
	<!-- Fix negative water values -->
		<remove xpath="/items/item[@name='foodCornOnTheCob' or @name='foodBakedPotato']/effect_group/triggered_effect[3]"/>
		<set xpath="/items/item[@name='foodCornOnTheCob' or @name='foodBakedPotato']/property[@name='DisplayType']/@value">GasMonFH</set>
		
	<!-- Fix Display Values -->
		<set xpath="/items/item[@name='foodCornOnTheCob']/property[@name='DisplayType']/@value">GasMonFHW</set>
		
		<set xpath="/items/item[@name='foodRawMeat']/effect_group/triggered_effect[1]/@value">5</set>
		<set xpath="/items/item[@name='foodRawMeat']/effect_group/triggered_effect[2]/@value">5</set>
		
	<!--Fix Display Values -->
		<set xpath="/items/item[@name='foodRawMeat']/property[@name='DisplayType']/@value">GasMonFHS_N</set>
		<set xpath="/items/item[@name='foodRawMeat']/effect_group/display_value[@name='foodHealthAmount']/@value">5</set>
		
		<set xpath="/items/item[@name='foodRottingFlesh']/effect_group/triggered_effect[1]/@value">5</set>
	<!-- Fix Display Values -->
		<set xpath="/items/item[@name='foodRottingFlesh']/property[@name='DisplayType']/@value">GasMonFHS_N</set>
		
		<set xpath="/items/item[@name='foodEgg']/effect_group/triggered_effect[1]/@value">10</set>
		
		<set xpath="/items/item[@name='foodCornMeal']/effect_group/triggered_effect[1]/@value">5</set>
		
		<set xpath="/items/item[@name='foodCropBlueberries' or @name='foodCropCorn' or @name='foodCropGraceCorn']/effect_group/triggered_effect[1]/@value">10</set>
		<set xpath="/items/item[@name='foodCropCorn' or @name='foodCropGraceCorn']/effect_group/triggered_effect[2]/@value">5</set>
	<!-- Add a bit of water to the blueberries -->
		<insertAfter xpath="/items/item[@name='foodCropBlueberries']/effect_group/triggered_effect[1]">
			<triggered_effect trigger="onSelfPrimaryActionEnd" action="ModifyCVar" cvar="$waterAmountAdd" operation="add" value="5"/>
		</insertAfter>
	<!--Fix Display Values -->
		<set xpath="/items/item[@name='foodCropBlueberries']/property[@name='DisplayType']/@value">GasMonFHW</set>
		
		<set xpath="/items/item[@name='foodCropPotato' or @name='foodCropYuccaFruit']/effect_group/triggered_effect[1]/@value">10</set>
	<!-- Add Health from Potato -->
		<insertAfter xpath="/items/item[@name='foodCropPotato']/effect_group/triggered_effect[1]">
			<triggered_effect trigger="onSelfPrimaryActionEnd" action="ModifyCVar" cvar="foodHealthAmount" operation="add" value="5"/>
		</insertAfter>
	<!-- Fix Display Values -->
		<set xpath="/items/item[@name='foodCropPotato']/property[@name='DisplayType']/@value">GasMonFH</set>
		
		<set xpath="/items/item[@name='foodCropYuccaFruit']/effect_group/triggered_effect[2]/@value">5</set>
	<!-- Fix Display Values -->
		<set xpath="/items/item[@name='foodCropYuccaFruit']/property[@name='DisplayType']/@value">GasMonFH</set>
		
		<set xpath="/items/item[@name='foodCropMushrooms']/effect_group/triggered_effect[1]/@value">5</set>
		<set xpath="/items/item[@name='foodCropMushrooms']/effect_group/triggered_effect[2]/@value">5</set>
	<!-- Fix Display Values -->
		<set xpath="/items/item[@name='foodCropMushrooms']/property[@name='DisplayType']/@value">GasMonFH</set>
		
		<set xpath="/items/item[@name='foodCropPumpkin']/effect_group/triggered_effect[1]/@value">15</set>
		<set xpath="/items/item[@name='foodCropPumpkin']/effect_group/triggered_effect[1]/@value">5</set>
	<!-- Fix Display Values -->
		<set xpath="/items/item[@name='foodCropPumpkin']/property[@name='DisplayType']/@value">GasMonFH</set>
		
	<!-- Cooked Meats ||| triggered_effect -> [1]=Food Amount [2]=Health Amount [3]=Water Amount -->
		<set xpath="/items/item[@name='foodGrilledMeat']/effect_group/triggered_effect[1]/@value">40</set>
		<set xpath="/items/item[@name='foodGrilledMeat']/effect_group/triggered_effect[2]/@value">15</set>
		
		<set xpath="/items/item[@name='foodBoiledMeat']/effect_group/triggered_effect[1]/@value">30</set>
		<set xpath="/items/item[@name='foodBoiledMeat']/effect_group/triggered_effect[2]/@value">15</set>
		<set xpath="/items/item[@name='foodBoiledMeat']/effect_group/triggered_effect[3]/@value">10</set>
		
	<!-- Stews ||| triggered_effect -> [1]=Food Amount [2]=Health Amount [3]=Water Amount [4]=Stamina-->
		<set xpath="/items/item[@name='foodMeatStew' or @name='foodVegetableStew']/effect_group/triggered_effect[1]/@value">60</set>
		<set xpath="/items/item[@name='foodMeatStew' or @name='foodVegetableStew']/effect_group/triggered_effect[2]/@value">30</set>
		<set xpath="/items/item[@name='foodMeatStew' or @name='foodVegetableStew']/effect_group/triggered_effect[3]/@value">25</set>
		<set xpath="/items/item[@name='foodMeatStew' or @name='foodVegetableStew']/effect_group/triggered_effect[4]/@value">25</set>
		
		<set xpath="/items/item[@name='foodHoboStew' or @name='foodShamChowder' or @name='foodFishTacos' or @name='foodChiliDog']/effect_group/triggered_effect[1]/@value">80</set>
		<set xpath="/items/item[@name='foodHoboStew' or @name='foodShamChowder' or @name='foodFishTacos' or @name='foodChiliDog']/effect_group/triggered_effect[2]/@value">40</set>
		<set xpath="/items/item[@name='foodHoboStew' or @name='foodShamChowder' or @name='foodFishTacos' or @name='foodChiliDog']/effect_group/triggered_effect[3]/@value">25</set>
		<set xpath="/items/item[@name='foodHoboStew' or @name='foodShamChowder' or @name='foodFishTacos']/effect_group/triggered_effect[4]/@value">30</set>
		
	<!-- Meals ||| triggered_effect -> [1]=Food Amount [2]=Health Amount -->
		<set xpath="/items/item[@name='foodSteakAndPotato']/effect_group/triggered_effect[1]/@value">100</set>
		<set xpath="/items/item[@name='foodSteakAndPotato']/effect_group/triggered_effect[2]/@value">50</set>
		<set xpath="/items/item[@name='foodBaconAndEggs']/effect_group/triggered_effect[1]/@value">50</set>
		<set xpath="/items/item[@name='foodBaconAndEggs']/effect_group/triggered_effect[2]/@value">30</set>		
		
		<set xpath="/items/item[@name='foodShepardsPie' or @name='foodTunaFishGravyToast']/effect_group/triggered_effect[1]/@value">60</set>
		<set xpath="/items/item[@name='foodShepardsPie' or @name='foodVegetableStew']/effect_group/triggered_effect[2]/@value">30</set>
		<set xpath="/items/item[@name='foodShepardsPie' or @name='foodVegetableStew']/effect_group/triggered_effect[3]/@value">25</set>
		<set xpath="/items/item[@name='foodShepardsPie' or @name='foodVegetableStew']/effect_group/triggered_effect[4]/@value">25</set>

		
	<!--Pies ||| triggered_effect -> [1]=Food Amount [2]=Health Amount -->
		<set xpath="/items/item[@name='foodBlueberryPie' or @name='foodPumpkinPie' or @name='foodPumpkinCheesecake']/effect_group/triggered_effect[1]/@value">50</set>
		<set xpath="/items/item[@name='foodBlueberryPie' or @name='foodPumpkinPie' or @name='foodPumpkinCheesecake']/effect_group/triggered_effect[2]/@value">25</set>
		
	<!-- Breads ||| triggered_effect -> [1]=Food Amount [2]=Health Amount -->
		<set xpath="/items/item[@name='foodPumpkinBread' or @name='foodCornBread']/effect_group/triggered_effect[1]/@value">25</set>
		<set xpath="/items/item[@name='foodPumpkinBread' or @name='foodCornBread']/effect_group/triggered_effect[2]/@value">10</set>
		
	<!-- Tier 4 Unlocks ||| triggered_effect -> [1]=Food Amount [2]=Health Amount -->
		<set xpath="/items/item[@name='foodSpaghetti']/effect_group/triggered_effect[1]/@value">180</set>
		<set xpath="/items/item[@name='foodSpaghetti']/effect_group/triggered_effect[2]/@value">75</set>
		
		<set xpath="/items/item[@name='foodShepardsPie']/effect_group/triggered_effect[1]/@value">125</set>
		<set xpath="/items/item[@name='foodShepardsPie']/effect_group/triggered_effect[2]/@value">75</set>
		<set xpath="/items/item[@name='foodShepardsPie']/effect_group/triggered_effect[3]/@value">60</set>
	<!--TEMP REMOVED	<set xpath="/items/item[@name='foodShepardsPie']/effect_group/triggered_effect[4]/@value">25</set> -->

		<set xpath="/items/item[@name='foodTunaFishGravyToast']/effect_group/triggered_effect[1]/@value">130</set>
		<set xpath="/items/item[@name='foodTunaFishGravyToast']/effect_group/triggered_effect[2]/@value">75</set>
		<set xpath="/items/item[@name='foodTunaFishGravyToast']/effect_group/triggered_effect[3]/@value">60</set>
		
		<set xpath="/items/item[@name='foodGumboStew']/effect_group/triggered_effect[1]/@value">160</set>
		<set xpath="/items/item[@name='foodGumboStew']/effect_group/triggered_effect[2]/@value">30</set>
		<set xpath="/items/item[@name='foodGumboStew']/effect_group/triggered_effect[3]/@value">60</set>
		<set xpath="/items/item[@name='foodGumboStew']/effect_group/triggered_effect[4]/@value">25</set>
</configs>