<configs>
<!-- There is now 50% chance to find between 1 and 5 eggs in every bird nest -->
	<setattribute xpath="/lootcontainers/lootgroup[@name='groupBirdNest02']/item[@name='foodEgg']" name="count">1,3</setattribute>
	<set xpath="/lootcontainers/lootgroup[@name='groupBirdNest02']/item[@name='foodEgg']/@loot_prob_template">high</set>
<!-- Start Extra Loot Containers -->
<append xpath="/lootcontainers">


<lootcontainer name="GMVending" count="1,3" size="6,3" sound_open="UseActions/open_fridge" sound_close="UseActions/close_fridge" loot_quality_template="qualBaseTemplate" destroy_on_close="false">
<item name="drinkJarBoiledWater" count="1,2" loot_prob_template="med"/>
<item name="drinkJarRiverWater" count="1,3" loot_prob_template="high"/>
<item name="drinkJarPureMineralWater" count="1,3" loot_prob_template="low"/>
<item name="foodChiliDog" count="1" loot_prob_template="low"/>
<item group="groupJunk01" count="1" loot_prob_template="low"/>
<item name="foodSpaghetti" count="1" loot_prob_template="veryLowDelayed"/>
<item name="foodBlueberryPie" count="1" loot_prob_template="veryLowDelayed"/>
<item name="foodShamChowder" count="1" loot_prob_template="veryLowDelayed"/>
<item name="foodHoboStew" count="1" loot_prob_template="veryLowDelayed"/>
</lootcontainer>

<lootcontainer name="GMIce" count="1,2" size="6,3" sound_open="UseActions/open_fridge" sound_close="UseActions/close_fridge" loot_quality_template="qualBaseTemplate" destroy_on_close="false">
<item name="resourceSnowBall" count="5,200" loot_prob_template="high"/>
<item name="resourceElectricParts" count="5,27" loot_prob_template="med"/>
<item name="resourceSpring" count="1,17" loot_prob_template="med"/>
<item name="drinkYuccaJuiceSmoothie" count="1,3" loot_prob_template="veryLowDelayed"/>
<item name="plantedPotato1" count="1,5"/>
<item name="plantedCoffee1" count="1,5"/>
<item name="plantedCorn1" count="1,5"/>
<item name="plantedBlueberry1" count="1,5"/>
<item name="plantedGoldenrod1" count="1,5"/>
<item name="plantedAloe1" count="1,5"/>
<item name="plantedMushroom1" count="1,5"/>
<item name="plantedYucca1" count="1,5"/>
<item name="plantedHop1" count="1,5"/>
<item name="plantedChrysanthemum1" count="1,5"/>
<item name="plantedPumpkin1" count="1,5"/>
<item name="plantedGraceCorn1" count="1,5"/>
</lootcontainer>

<lootcontainer name="GMBreakers" count="1,2" size="6,3" sound_open="UseActions/open_toolchest" sound_close="UseActions/close_toolchest" loot_quality_template="qualBaseTemplate" destroy_on_close="false">
<item name="resourceDuctTape" count="1,3" loot_prob_template="low"/>
<item name="resourceElectricParts" count="1,5" loot_prob_template="high"/>
<item name="resourceSpring" count="1,5" loot_prob_template="med"/>
<item name="electricwirerelay" count="1" loot_prob_template="veryLowDelayed"/>
</lootcontainer>

<lootcontainer name="GMSaw" count="1,2" size="6,3" sound_open="UseActions/open_toolchest" sound_close="UseActions/close_toolchest" loot_quality_template="qualBaseTemplate" destroy_on_close="false">
<item name="resourceWood" count="25,250" loot_prob_template="high"/>
<item name="resourceMechanicalParts" count="1,5" loot_prob_template="low"/>
<item name="resourceForgedSteel" count="1,5" loot_prob_template="veryLow"/>
<item name="resourceMetalPipe" count="1,5" loot_prob_template="med"/>
</lootcontainer>


<!--Redo Later -->
<lootcontainer name="GMArmyTruck" count="1,2" size="6,3" sound_open="UseActions/open_drawer" sound_close="UseActions/close_drawer" loot_quality_template="qualBaseTemplate" destroy_on_close="false">
<item name="resourceSewingKit" count="1,2"/>
<item name="resourceGunPowder" count="1,10"/>
<item name="resourceDuctTape" count="1,2"/>
<item name="resourceOil" count="1,5"/>
<item name="resourceSpring" count="1,2"/>
<item name="resourceHeadlight" count="1,2"/>
<item name="resourceElectricParts" count="1,2"/>
<item name="resourceMechanicalParts" count="1,2"/>
<item name="resourceAcid" count="1,2"/>
<item name="resourceCloth" count="1,5"/>
<item name="resourceMetalPipe" count="1,5"/>
<item name="resourceGlue" count="1,2"/>
<item name="resourceScrapPolymers" count="1,10"/>
<item group="groupAmmoMedium" loot_prob_template="medHigh"/>
</lootcontainer>

<lootcontainer name="GMServers" count="1,2" size="6,3" sound_open="UseActions/open_vehicle" sound_close="UseActions/close_vehicle" loot_quality_template="qualBaseTemplate" destroy_on_close="false">
<item name="resourceMetalPipe" count="5,10" loot_prob_template="medHigh"/>
<item name="resourceNail" count="10,20"/>
<item name="resourceMechanicalParts" count="1,3"/>
<item name="resourceElectricParts" count="1,3" loot_prob_template="medHigh"/>
<item name="resourceDuctTape" count="1,3"/>
<item name="resourceGlue" count="1,3"/>
<item name="resourceOil" count="1,3"/>
<item name="resourceSpring" count="1,3"/>
</lootcontainer>

<lootcontainer name="GMIV" count="1,2" size="6,3" sound_open="UseActions/open_drawer" sound_close="UseActions/close_drawer" loot_quality_template="qualBaseTemplate" destroy_on_close="false">
<item name="drinkJarRiverWater" count="1,3"/>
<item name="drinkJarBoiledWater" count="1,3" loot_prob_template="medHigh"/>
<item name="drinkJarPureMineralWater" count="1,3" loot_prob_template="med"/>
<item name="medicalBloodBag" count="1,3"/>
<item name="resourceTestosteroneExtract" count="1,3" loot_prob_template="low"/>
<item name="drugSteroids" count="1,3" loot_prob_template="low"/>
</lootcontainer>
<!-- End Extra Containers Loot -->

</append>
</configs>
