<configs>
<!--
SJ: Add recipes to make vanilla faucets at the forge
Add recipes to turn vanilla faucets into working ones at the workbench
Add recipe to craft a working oven at the workbench
-->
	<append xpath="/recipes">
		<recipe name="AbasiyanikPostersPaintingsPictures" count="1" craft_time="1">
			<ingredient name="resourceCloth" count="15"/>
			<ingredient name="resourceWood" count="5"/>
			<ingredient name="resourcePaint" count="5"/>
			<ingredient name="resourceNail" count="5"/>
		</recipe>
	</append>

	<append xpath="recipes">
		
		<!-- SJ: Add Working Ovens and Grills -->
		
		<recipe name="cntWallOvenWorking" count="1" craft_time="45" craft_area="workbench" tags="workbenchCrafting,learnable">
			<ingredient name="resourceForgedIron" count="40"/>
			<ingredient name="resourceMetalPipe" count="2"/>
			<ingredient name="resourceMechanicalParts" count="5"/>
		</recipe>

		<recipe name="cntStoveWorking" count="1" craft_time="45" craft_area="workbench" tags="workbenchCrafting,learnable">
			<ingredient name="resourceForgedIron" count="40"/>
			<ingredient name="resourceMetalPipe" count="2"/>
			<ingredient name="resourceMechanicalParts" count="5"/>
		</recipe>

		<recipe name="cntGasGrillWorking" count="1" craft_time="30" craft_area="workbench" tags="workbenchCrafting,learnable">
			<ingredient name="resourceForgedIron" count="40"/>
			<ingredient name="toolCookingGrill" count="2"/>
			<ingredient name="resourceMechanicalParts" count="5"/>
		</recipe>

		<recipe name="cntCharcoalGrillWorking" craft_time="30" count="1" craft_area="workbench" tags="workbenchCrafting,learnable">
			<ingredient name="resourceForgedIron" count="20"/>
			<ingredient name="toolCookingPot" count="1"/>
			<ingredient name="toolCookingGrill" count="2"/>
			<ingredient name="resourceMechanicalParts" count="5"/>
		</recipe>
		
		<!-- SJ: Add working lights recipes -->

		<recipe name="lightPlayerVariantHelper" count="1" craft_time="10" craft_area="workbench" tags="workbenchCrafting,learnable,perkAdvancedEngineering">
			<ingredient name="resourceScrapBrass" count="10"/>
			<ingredient name="resourceWood" count="10"/>
			<ingredient name="resourceForgedIron" count="2"/>
			<ingredient name="resourceElectricParts" count="4"/>
			<effect_group>
				<passive_effect name="CraftingIngredientCount" level="0,1,2,3,4" operation="perc_add" value=".5,.5,.5,.3,.15" tags="resourceForgedIron,resourceElectricParts"/>
			</effect_group>			
		</recipe>

	</append>
<!--Start Craftable Collection -->
   <append xpath="/recipes">
        <!-- *** elevatorDoors -->
        <recipe name="cobweb" count="1" craft_time="1" craft_area="workbench" craft_exp_gain="0" tags="workbenchCrafting">
            <ingredient name="resourceCropCottonPlant" count="1"/>
        </recipe>
        <recipe name="hangingMoss" count="1" craft_time="1" craft_area="workbench" craft_exp_gain="0" tags="workbenchCrafting">
            <ingredient name="resourceYuccaFibers" count="1"/>
        </recipe>

        <!-- *** elevatorDoors -->
        <recipe name="elevatorDoor" count="1" craft_time="15" craft_area="workbench" craft_exp_gain="0" tags="workbenchCrafting">
            <ingredient name="resourceForgedSteel" count="7"/>
            <ingredient name="resourceMechanicalParts" count="7"/>
            <ingredient name="resourceSpring" count="7"/>
        </recipe>
        <recipe name="elevatorDoorDouble" count="1" craft_time="15" craft_area="workbench" craft_exp_gain="0" tags="workbenchCrafting">
            <ingredient name="resourceForgedSteel" count="7"/>
            <ingredient name="resourceMechanicalParts" count="7"/>
            <ingredient name="resourceSpring" count="7"/>
        </recipe>
        <recipe name="elevatorDoor_Powered" count="1" craft_time="15" craft_area="workbench" craft_exp_gain="0" tags="workbenchCrafting">
            <ingredient name="resourceForgedSteel" count="7"/>
            <ingredient name="resourceMechanicalParts" count="7"/>
            <ingredient name="resourceSpring" count="7"/>
            <ingredient name="resourceElectricParts" count="7"/>
        </recipe>
        <recipe name="elevatorDoorDouble_Powered" count="1" craft_time="15" craft_area="workbench" craft_exp_gain="0" tags="workbenchCrafting">
            <ingredient name="resourceForgedSteel" count="7"/>
            <ingredient name="resourceMechanicalParts" count="7"/>
            <ingredient name="resourceSpring" count="7"/>
            <ingredient name="resourceElectricParts" count="7"/>
        </recipe>

        <recipe name="VaybensElectricalMultiblock" count="1" craft_time="15" craft_area="workbench" craft_exp_gain="0" tags="workbenchCrafting">
            <ingredient name="resourceScrapIron" count="20"/>
            <ingredient name="resourceElectricParts" count="7"/>
            <ingredient name="resourceSpring" count="1"/>
            <ingredient name="resourceMetalPipe" count="1"/>
        </recipe>
        <recipe name="VaybensConduitMultiblock" count="1" craft_time="15" craft_area="workbench" craft_exp_gain="0" tags="workbenchCrafting">
            <ingredient name="resourceScrapIron" count="4"/>
            <ingredient name="resourceElectricParts" count="4"/>
            <ingredient name="resourceMetalPipe" count="1"/>
        </recipe>
        <recipe name="VaybensLightsMultiblock" count="1" craft_time="15" craft_area="workbench" craft_exp_gain="0" tags="workbenchCrafting">
            <ingredient name="resourceScrapIron" count="10"/>
            <ingredient name="resourceElectricParts" count="5"/>
            <ingredient name="resourceScrapPolymers" count="5"/>
        </recipe>
        <recipe name="VaybensDecorationsMultiblock" count="1" craft_time="15" craft_area="workbench" craft_exp_gain="0" tags="workbenchCrafting">
            <ingredient name="resourceScrapIron" count="4"/>
        </recipe>
        <recipe name="VaybensBarrierConcrete" count="1" craft_time="15" craft_area="workbench" craft_exp_gain="0" tags="workbenchCrafting">
            <ingredient name="resourceConcreteMix" count="5"/>
            <ingredient name="resourceRockSmall" count="10"/>
            <ingredient name="resourceScrapIron" count="4"/>
        </recipe>
        <recipe name="VaybensRoadBarricadeLight" count="1" craft_time="15" craft_area="workbench" craft_exp_gain="0" tags="workbenchCrafting">
            <ingredient name="resourceScrapIron" count="4"/>
            <ingredient name="resourceWood" count="12"/>
            <ingredient name="resourceMetalPipe" count="1"/>
            <ingredient name="resourceElectricParts" count="5"/>
        </recipe>
        <recipe name="VaybensSignTowAway" count="1" craft_time="15" craft_area="workbench" craft_exp_gain="0" tags="workbenchCrafting">
            <ingredient name="resourceScrapIron" count="2"/>
            <ingredient name="resourceWood" count="6"/>
            <ingredient name="resourceMetalPipe" count="1"/>
        </recipe>

        <!-- *** Smokers -->
        <recipe name="VaybensSmokersMultiblock" count="1" craft_area="workbench" craft_time="2" craft_exp_gain="0" >
            <ingredient name="resourceScrapIron" count="5"/>
            <ingredient name="resourceMechanicalParts" count="1"/>
            <ingredient name="resourceAnimalFat" count="1"/>
            <ingredient name="resourceCloth" count="5"/>
        </recipe>

        <!-- *** DecoPipes -->
        <recipe name="pipeLargeBlockVariantHelper" count="1" craft_time="5" craft_area="workbench" tags="workbenchCrafting">
            <ingredient name="resourceMetalPipe" count="2"/>
        </recipe>
        <recipe name="pipeSmallBlockVariantHelper" count="1" craft_time="5" craft_area="workbench" tags="workbenchCrafting">
            <ingredient name="resourceMetalPipe" count="1"/>
        </recipe>

        <!--    jailDoor and jailBars    -->
        <recipe name="jailBarsWhite" count="1" craft_area="workbench" craft_time="15" craft_exp_gain="0" >
            <ingredient name="resourceForgedIron" count="21"/>
        </recipe>
        <recipe name="jailDoorWhite" count="1" craft_area="workbench" craft_time="15" craft_exp_gain="0" >
            <ingredient name="resourceForgedIron" count="21"/>
            <ingredient name="resourceMechanicalParts" count="10"/>
        </recipe>
        <recipe name="jailDoorDoubleWhite" count="1" craft_area="workbench" craft_time="15" craft_exp_gain="0" >
            <ingredient name="resourceForgedIron" count="42"/>
            <ingredient name="resourceMechanicalParts" count="20"/>
        </recipe>
        <!--    HardenedChestSecureT5    -->
        <recipe name="cntHardenedChestSecureT5" count="1" craft_area="workbench" craft_time="60" craft_exp_gain="0" >
            <ingredient name="resourceForgedSteel" count="20"/>
            <ingredient name="resourceForgedIron" count="30"/>
            <ingredient name="resourceMechanicalParts" count="10"/>
        </recipe>
        <!--    manholeHatch    -->
        <recipe name="manholeHatch" count="1" craft_area="workbench" craft_time="15" craft_exp_gain="0" >
            <ingredient name="resourceForgedIron" count="4"/>
        </recipe>
        <!-- *** ROLL_UP_SECURITY_GATES -->
        <recipe name="rollUpGate3x3White" count="1" craft_time="15" craft_area="workbench" tags="workbenchCrafting">
            <ingredient name="resourceForgedIron" count="20"/>
            <ingredient name="resourceSpring" count="10"/>
            <ingredient name="resourceMechanicalParts" count="10"/>
        </recipe>
        <recipe name="rollUpGate4x3White" count="1" craft_time="15" craft_area="workbench" tags="workbenchCrafting">
            <ingredient name="resourceForgedIron" count="25"/>
            <ingredient name="resourceSpring" count="10"/>
            <ingredient name="resourceMechanicalParts" count="10"/>
        </recipe>
        <recipe name="rollUpGate4x3DiagonalWhite" count="1" craft_time="15" craft_area="workbench" tags="workbenchCrafting">
            <ingredient name="resourceForgedIron" count="25"/>
            <ingredient name="resourceSpring" count="10"/>
            <ingredient name="resourceMechanicalParts" count="10"/>
        </recipe>
        <recipe name="rollUpGate5x3White" count="1" craft_time="15" craft_area="workbench" tags="workbenchCrafting">
            <ingredient name="resourceForgedIron" count="30"/>
            <ingredient name="resourceSpring" count="10"/>
            <ingredient name="resourceMechanicalParts" count="10"/>
        </recipe>

        <!-- *** BearRug -->
        <recipe name="rugBear" count="1" craft_time="15" craft_area="workbench" tags="workbenchCrafting">
            <ingredient name="resourceLeather" count="20"/>
        </recipe>
        <!-- *** woodenBear -->
        <recipe name="woodenBear" count="1" craft_time="15" craft_area="workbench" tags="workbenchCrafting">
            <ingredient name="woodLogPillar100" count="3"/>
        </recipe>
        <!-- *** Barrels -->
        <recipe name="VaybensWineBarrel" count="1" craft_time="15" craft_area="workbench" tags="workbenchCrafting">
            <ingredient name="resourceWood" count="10"/>
        </recipe>
        <recipe name="VaybensWineBarrelPlain" count="1" craft_time="15" craft_area="workbench" tags="workbenchCrafting">
            <ingredient name="resourceWood" count="10"/>
        </recipe>
        <recipe name="VaybensWineBarrelSet" count="1" craft_time="15" craft_area="workbench" tags="workbenchCrafting">
            <ingredient name="resourceWood" count="25"/>
        </recipe>
    </append>
<!--End Craftable Collection -->

	<append xpath="/recipes">
		<recipe name="solarCell" count="1" craft_time="10" craft_area="workbench" tags="workbenchCrafting">
			<ingredient name="resourceScrapPolymers" count="125"/>
			<ingredient name="resourceCoal" count="420"/>
			<ingredient name="resourceSilverNugget" count="2"/>
			<ingredient name="resourceForgedSteel" count="100"/>
			<effect_group>
				<passive_effect name="CraftingIngredientCount" level="2,6" operation="perc_add" value="1,5" tags="resourceScrapPolymers,resourceForgedIron"/>
			</effect_group>
		</recipe>
	</append>


<!--======== Recipes for the flags, jail doors, barbed wire, and hesco blocks =========-->

    <append xpath="/recipes">
	
		<recipe name="flagBlockVariantHelper" count="1">
			<ingredient name="resourceCloth" count="44"/>
		</recipe>	
		
		<recipe name="opensignBlockVariantHelper" count="1">
			<ingredient name="resourceDuctTape" count="1"/>
			<ingredient name="resourceScrapIron" count="5"/>
			<ingredient name="resourceElectricParts" count="15"/>
		</recipe>
		
		<recipe name="JailVariantHelper" count="1" craft_area="workbench" tags="workbenchCrafting">
			<ingredient name="resourceForgedSteel" count="20"/>
			<ingredient name="resourceMechanicalParts" count="10"/>
		</recipe>
		
		<recipe name="barbedWireSpindleVariantHelper" count="1">
			<ingredient name="resourceScrapIron" count="25"/>
		</recipe>
		
		<recipe name="barrierMilitary" count="1"  craft_time="15" craft_area="cementMixer" tags="cementMixerCrafting">
			<ingredient name="resourceScrapIron" count="4"/>
			<ingredient name="resourceCloth" count="2"/>
			<ingredient name="resourceClayLump" count="15"/>			
		</recipe>	

		<recipe name="barrierMilitary" count="1"  craft_time="15" craft_area="cementMixer" tags="cementMixerCrafting">
			<ingredient name="resourceScrapIron" count="4"/>
			<ingredient name="resourceCloth" count="2"/>
			<ingredient name="resourceCrushedSand" count="15"/>			
		</recipe>



		
		<recipe name="flagPoleWhiteRiver" count="1" craft_area="workbench" tags="workbenchCrafting">
			<ingredient name="resourceForgedIron" count="4"/>
			<ingredient name="resourceMetalPipe" count="20"/>
			<ingredient name="resourceDuctTape" count="2"/>
			<ingredient name="resourceCloth" count="44"/>
		</recipe>
		
		<recipe name="flagPoleTrader" count="1" craft_area="workbench" tags="workbenchCrafting">
			<ingredient name="resourceForgedIron" count="4"/>
			<ingredient name="resourceMetalPipe" count="20"/>
			<ingredient name="resourceDuctTape" count="2"/>
			<ingredient name="resourceCloth" count="44"/>
		</recipe>
		
		<recipe name="flagPoleAmerican" count="1" craft_area="workbench" tags="workbenchCrafting">
			<ingredient name="resourceForgedIron" count="4"/>
			<ingredient name="resourceMetalPipe" count="20"/>
			<ingredient name="resourceDuctTape" count="2"/>
			<ingredient name="resourceCloth" count="44"/>
		</recipe>
	
	</append>

</configs>