<?xml version="1.0" encoding="UTF-8"?>
<configs>
	<append xpath="/ui_display_info/crafting_category_display">
        <crafting_category_list display_type="cntWallOvenWorking">
			<crafting_category name="CFFood/Cooking" icon="ui_game_symbol_fork" display_name="lblCategoryFood" />
			<crafting_category name="CFDrink/Cooking" icon="ui_game_symbol_thirst" display_name="lblCategoryDrink" />
			<crafting_category name="CFChemicals" icon="ui_game_symbol_chemistry" display_name="lblCategoryChemicals" />
		</crafting_category_list>

		<crafting_category_list display_type="cntStoveWorking">
			<crafting_category name="CFFood/Cooking" icon="ui_game_symbol_fork" display_name="lblCategoryFood" />
			<crafting_category name="CFDrink/Cooking" icon="ui_game_symbol_thirst" display_name="lblCategoryDrink" />
			<crafting_category name="CFChemicals" icon="ui_game_symbol_chemistry" display_name="lblCategoryChemicals" />
		</crafting_category_list>

		<crafting_category_list display_type="cntCharcoalGrillWorking">
			<crafting_category name="CFFood/Cooking" icon="ui_game_symbol_fork" display_name="lblCategoryFood" />
			<crafting_category name="CFDrink/Cooking" icon="ui_game_symbol_thirst" display_name="lblCategoryDrink" />
			<crafting_category name="CFChemicals" icon="ui_game_symbol_chemistry" display_name="lblCategoryChemicals" />
		</crafting_category_list>

		<crafting_category_list display_type="cntGasGrillWorking">
			<crafting_category name="CFFood/Cooking" icon="ui_game_symbol_fork" display_name="lblCategoryFood" />
			<crafting_category name="CFDrink/Cooking" icon="ui_game_symbol_thirst" display_name="lblCategoryDrink" />
			<crafting_category name="CFChemicals" icon="ui_game_symbol_chemistry" display_name="lblCategoryChemicals" />
		</crafting_category_list>
    </append>	

	<insertBefore xpath="/ui_display_info/item_display/item_display_info[@display_type='food']">
	
		<item_display_info display_type="GasMonFHW" display_group="groupConsumables">
			<display_entry name="$foodAmountAdd" title_key="statFoodAmount"/>
			<display_entry name="foodHealthAmount" title_key="statHealthAmount"/>
			<display_entry name="$waterAmountAdd" title_key="statWaterAmount"/>
		</item_display_info>
		
		<item_display_info display_type="GasMonFHWS" display_group="groupConsumables">
			<display_entry name="$foodAmountAdd" title_key="statFoodAmount"/>
			<display_entry name="foodHealthAmount" title_key="statHealthAmount"/>
			<display_entry name="$waterAmountAdd" title_key="statWaterAmount"/>
			<display_entry name=".foodStaminaBonusAdd" title_key="statFoodStaminaBonus" display_type="Integer"/>
		</item_display_info>
		
		<item_display_info display_type="GasMonWS" display_group="groupConsumables">
			<display_entry name="$waterAmountAdd" title_key="statWaterAmount"/>
			<display_entry name="dStaminaRegen" title_key="statStaminaRegen" display_type="Percent"/>
		</item_display_info>
		
		<item_display_info display_type="GasMonFH" display_group="groupConsumables">
			<display_entry name="$foodAmountAdd" title_key="statFoodAmount"/>
			<display_entry name="foodHealthAmount" title_key="statHealthAmount"/>
		</item_display_info>
		
		<item_display_info display_type="GasMonFHS" display_group="groupConsumables">
			<display_entry name="$foodAmountAdd" title_key="statFoodAmount"/>
			<display_entry name="foodHealthAmount" title_key="statHealthAmount"/>
			<display_entry name=".foodStaminaBonusAdd" title_key="statFoodStaminaBonus" display_type="Integer"/>
		</item_display_info>
		
	
		
	
	<!-- Fix foodRawMeat/foodRottingFlesh not displaying negative Value for negative Stamina -->
		<item_display_info display_type="GasMonFHS_N" display_group="groupConsumables">
			<display_entry name="$foodAmountAdd" title_key="statFoodAmount"/>
			<display_entry name="foodHealthAmount" title_key="statHealthAmount"/>
			<display_entry name=".foodStaminaBonusAdd" title_key="statFoodStaminaBonus" display_type="Integer"/>
			<display_entry name="dDysenteryRisk" title_key="statDysenteryRisk" display_type="Percent" negative_preferred="true"/>
		</item_display_info>
	</insertBefore>
</configs>